job_title_name,job_title_company,job_title_city,job_title_state
Intermediate Data Scientist,Citi,Irving,TX
Data Science Intern,The Hartford,Charlotte,NC
"Intern, Data Science",Vertex Pharmaceuticals,Boston,MA
"Data Science QA Engineer - Conshohocken, PA",RS Energy Group,Conshohocken,PA
Data Science Summer Intern,Commonwealth Care Alliance,Boston,MA
Data Scientist Intern,Leidos,Arlington,VA
Data Science and Engineering Intern,Leidos,Arlington,VA
Data Scientist,AI LAB,New York,NY
Data Science Summer Intern,New York City Council,New York,NY
Data Science Intern,DigitalOcean,New York,NY
Data Science,AG Technologies,Missouri City,TX
Jr. Data Scientist role,People Tech Group,Bellevue,WA
Data Engineer Summer Intern,automotiveMastermind Inc.,New York,NY
Data Science Intern,Arkadium,New York,NY
Data Science Intern,"Knotch, Inc.",New York,NY
Data Science Interns,SailPoint Technologies Holdings,Austin,TX
Data Scientist,RiviGroup,New York,NY
Associate Data Scientist (Analytics and Visualization Specia...,Virginia Mason Memorial,Yakima,WA
Data Scientist/Engineer,CAS Group,Philadelphia,PA
Data Scientist/Engineer,CAS Group,Philadelphia,PA
Data Science Intern,The Hartford,Charlotte,NC
"Intern, Data Science",Vertex Pharmaceuticals,Boston,MA
"Data Science QA Engineer - Conshohocken, PA",RS Energy Group,Conshohocken,PA
Data Science Summer Intern,Commonwealth Care Alliance,Boston,MA
Data Scientist Intern,Leidos,Arlington,VA
Data Science and Engineering Intern,Leidos,Arlington,VA
Data Science internship,Coders1,Edison,NJ
"2019 Summer Internship - Data Science Internship, Baseball D...",Major League Baseball,New York,NY
Data Science Intern (Social Media Analysis),"FireEye, Inc.",New York,NY
JJT Data Science Summer Internship (College Hire),Johnson & Johnson Family of Companies,Titusville,NJ
Data Scientist - Entry Level,Numerdox,Sacramento,CA
Data Scientist Jr,Dentsu Aegis Network,Santa Fe,NM
Intern - Fellow (Data Scientist) Summer 2019,BNSF,Fort Worth,TX
Data Scientist/Data Analytics Intern - Summer 2019,MongoDB,New York,NY
Data Scientist,Quartet Health,New York,NY
Data Science Interns,SailPoint,Austin,TX
Associate Data Scientist (Analytics and Visualization Specia...,Virginia Mason Memorial,Yakima,WA
Intermediate Data Scientist,Citi,Irving,TX
Data Science Intern,The Hartford,Charlotte,NC
Associate Data Scientist (Analytics and Visualization Specia...,Virginia Mason Memorial,Yakima,WA
Intermediate Data Scientist,Citi,Irving,TX
Summer Internship - Data Science,Havas Edge,Carlsbad,CA
"Intern, Data Science",Nielsen,New York,NY
Sports Research Analyst position,Univision Communications Inc,New York,NY
VP of Data Science,JUSTDATE,Chico,CA
Data Science Internship,Bluecore,New York,NY
"Data Science Online Course Instructor (Part-Time, Contract)",DataCamp,New York,NY
Data Science Intern,Grid Dynamics,Dallas,TX
"Data Science Internship, Summer 2019",Etsy,New York,NY
Data Science Intern - Engagement,WeWork,New York,NY
"Data Science Intern, People Analytics, Summer 2019",Google,Sunnyvale,CA
"Intern, Data Science",Vertex Pharmaceuticals,Boston,MA
Data Science Summer Intern,Commonwealth Care Alliance,Boston,MA
Data Scientist/Engineer,CAS Group,Philadelphia,PA
Data Science Intern,The Hartford,Charlotte,NC
Data Science Summer Intern,Commonwealth Care Alliance,Boston,MA
Intermediate Data Scientist,Citi,Irving,TX
Intern- ESS Analytics Data Science & Fraud,NV-Las Vegas-Caesars Las Vegas_Corporate,Las Vegas,NV
Data Science Internship,ExxonMobil,Houston,TX
Data Scientist Entry Level/ Early Career,DXC,New Orleans,LA
Head of Data Science,"Gencove, Inc.",New York,NY
Data Science Internship 2019,Ursa,Ithaca,NY
Data Science Intern- UIUC Innovation Center,Bayer,United States,
Data Science Intern,6ix0ero5ive,Pasadena,CA
Data Science Internship,CATCH Intelligence,Omaha,NE
AlphaStudio Data Science Intern,"Two Sigma Investments, LLC.",New York,NY
Data Science Internship,Tagup Inc.,Somerville,MA
"Intern, Data Science",Vertex Pharmaceuticals,Boston,MA
Associate Data Scientist (Analytics and Visualization Specia...,Virginia Mason Memorial,Yakima,WA
Data Scientist/Engineer,CAS Group,Philadelphia,PA
"Data Science Online Learning Content Creator (Part-Time, Con...",DataCamp,New York,NY
Data Science Intern,FanThreeSixty,Campbell,CA
Data Scientist,Blink Health,New York,NY
Summer Fellowship - Data Science,HugeInc,Brooklyn,NY
Data Scientist,"APiJET, Inc.",Seattle,WA
Data Scientist Intern - 2019,SphereOI Studios,McLean,VA
Campus: Data Scientist (2019 Start),Optiver US,Chicago,IL
"Agile@SPE Data Science Intern, Corporate – Summer 2019",Sony Pictures Entertainment Inc.,Culver City,CA
DATA SCIENCE -INTERN,"Foot Locker, Inc.",New York,NY
Undergraduate Internship/Co-op Program - Data Scientist,Central Intelligence Agency,Washington,DC
"Intern, Data Science",Vertex Pharmaceuticals,Boston,MA
Data Science Summer Intern,Commonwealth Care Alliance,Boston,MA
Intermediate Data Scientist,Citi,Irving,TX
Data Scientist/Engineer,CAS Group,Philadelphia,PA
Data Science Intern,The Hartford,Charlotte,NC
Associate Data Scientist (Analytics and Visualization Specia...,Virginia Mason Memorial,Yakima,WA
Data Scientist,Pandera Systems,Orlando,FL
Data Science Intern (Reinforcement Learning),"FireEye, Inc.",Reston,VA
Data Scientist,Rent the Runway,New York,NY
Junior Data Scientist,Grid Dynamics,Plano,TX
Data Scientist Internship - Summer 2019,IBM,United States,
Data Science Group Intern,Esurance,San Francisco,CA
Data Science Intern,AstraZeneca Pharmaceuticals Inc,Gaithersburg,MD
Associate Data Scientist,Showtime,New York,NY
Senior Data Scientist,DISNEY,New York,NY
"Machine Learning, Data Science Internship",EagleView Technologies,Rochester,NY
"Intern, Data Science",Vertex Pharmaceuticals,Boston,MA
Data Science Summer Intern,Commonwealth Care Alliance,Boston,MA
Intermediate Data Scientist,Citi,Irving,TX
Data Scientist/Engineer,CAS Group,Philadelphia,PA
Data Science Intern,The Hartford,Charlotte,NC
Associate Data Scientist (Analytics and Visualization Specia...,Virginia Mason Memorial,Yakima,WA
"Data Scientist, Health",Twitter,Boulder,CO
Data Scientist,Retrace Labs,San Francisco,CA
Data Scientist,The Daily Beast,New York,NY
Data Science Engineer,Rubicon Project,Bozeman,MT
Data Scientist,Chipotle,Newport Beach,CA
2019 Data Science Excellence Program,Verisk Analytics,United States,
Data Scientist,Fractal Analytics,New York,NY
Python Data Engineer,Enterprise Peak,Jersey City,NJ
Data Science Intern,Iterable,San Francisco,CA
Data Scientist,Chobani,New York,NY
"Intern, Data Science",Vertex Pharmaceuticals,Boston,MA
Associate Data Scientist (Analytics and Visualization Specia...,Virginia Mason Memorial,Yakima,WA
Intermediate Data Scientist,Citi,Irving,TX
Data Scientist/Engineer,CAS Group,Philadelphia,PA
Data Science Intern,The Hartford,Charlotte,NC
Data Scientist,University of California - Irvine,Irvine,CA
Data Science Intern,Dotdash,New York,NY
Child Welfare Data and Research Analyst,Wisconsin Department of Children and Families,Madison,WI
Data Scientist,Brightstar Corp.,Miami,FL
"Intern, Data Science - Part-Time",SiriusXM,New York,NY
Data Science (Python) Consultant,Deloitte,New York,NY
Data Scientist,ifusioncore,Redmond,WA
Data Science Intern,"Insight Enterprises, Inc.",Tempe,AZ
Data Science Intern,Johnson Controls,Boca Raton,FL
Data Science Intern,PureTech Health,Boston,MA
"Intern, Data Science",Vertex Pharmaceuticals,Boston,MA
Associate Data Scientist (Analytics and Visualization Specia...,Virginia Mason Memorial,Yakima,WA
Intermediate Data Scientist,Citi,Irving,TX
Data Scientist/Engineer,CAS Group,Philadelphia,PA
Data Science Intern,The Hartford,Charlotte,NC
Intermediate Data Scientist,Citi,Irving,TX
Data Scientist Intern,Greystone Hotels,San Francisco,CA
Data Science Intern,Insight,Tempe,AZ
Data Scientist,Infometry,United States,
Data Science/Analytics Intern (Threat Intelligence),"FireEye, Inc.",Reston,VA
Data Scientist,Rational Consulting,Redmond,WA
Data Scientist (Remote),Serial Metrics,San Francisco,CA
Junior - Mid Level Data scientist,Blue-E.,Plano,TX
Data Scientist,RiVi Consulting Group,New York,NY
Flatiron School- Data Science Technical Coaching Fellow,WeWork,New York,NY
Data Science Intern,OSIsoft,San Leandro,CA
"Intern, Data Science",Vertex Pharmaceuticals,Boston,MA
Associate Data Scientist (Analytics and Visualization Specia...,Virginia Mason Memorial,Yakima,WA
Data Scientist/Engineer,CAS Group,Philadelphia,PA
Data Science Intern,The Hartford,Charlotte,NC
Data Science Other,Valve Software,Bellevue,WA
"Data Science Online Project Instructor (Part-Time, Contract)",DataCamp,New York,NY
Data Scientist Intern,Verb Surgical,Mountain View,CA
Data Science Intern - RISI,Nationwide Children's Hospital,Columbus,OH
DATA SCIENCE INTERN,Arby's,Atlanta,GA
Data Scientist,Wunderman,New York,NY
Data Scientist Summer Intern,NOKIA,Austin,TX
Data Science Intern,Aruba Networks,Santa Clara,CA
Data Science Intern,KidKraft,Dallas,TX
"Intern, Data Science",Spirent Communications,Holmdel,NJ
"Intern, Data Science",Vertex Pharmaceuticals,Boston,MA
Associate Data Scientist (Analytics and Visualization Specia...,Virginia Mason Memorial,Yakima,WA
Intermediate Data Scientist,Citi,Irving,TX
Data Scientist/Engineer,CAS Group,Philadelphia,PA
Data Science Intern,The Hartford,Charlotte,NC
Child Welfare Data and Research Analyst,State of Wisconsin,Wisconsin,
Data Science Internship - Maps Evaluation,Apple,Santa Clara Valley,CA
Internship - Data Science - PART TIME,PhyMed Healthcare Group,Nashville,TN
Data Science Research Intern,Adobe,San Jose,CA
Data Scientist,Motiion Inc,United States,
Data Scientist Intern,IBM,Armonk,NY
"Intern, Data Science",AccuWeather,Wichita,KS
Data Science Content Developer,DataCamp,New York,NY
Intern - Data Science & Engineering,Seagate Technology,Bloomington,MN
MACHINE LEARNING AND DATA ANALYTICS RESEARCHER,Andrew Davidson & Co,United States,
"Intern, Data Science",Vertex Pharmaceuticals,Boston,MA
Associate Data Scientist (Analytics and Visualization Specia...,Virginia Mason Memorial,Yakima,WA
Intermediate Data Scientist,Citi,Irving,TX
Data Scientist/Engineer,CAS Group,Philadelphia,PA
Data Science Intern,The Hartford,Charlotte,NC
Data Scientist/Engineer,CAS Group,Philadelphia,PA
"Intern, Data Science",Vertex Pharmaceuticals,Boston,MA
Associate Data Scientist (Analytics and Visualization Specia...,Virginia Mason Memorial,Yakima,WA
Data Science Internship - Corptax,CSC (Corporation Service Company),Plano,TX
Data Science Internship - Maps Evaluation,Apple,Santa Clara Valley,CA
"Intern, Data Science",Spirent Communications,Holmdel,NJ
2019 Image Data Scientist Intern,Merck USA,Rahway,NJ
Data Scientist,Kalven Technologies.Inc,Phoenix,AZ
Data Scientist Summer Intern,NOKIA,Austin,TX
Data Analyst,Optimove,New York,NY
Data Science Intern,Bio-Rad,Hercules,CA
Risk Data Scientist,Bread Finance,New York,NY
Data Scientist - New College Grad,Proofpoint,Sunnyvale,CA
Data Science Intern,The Hartford,Charlotte,NC
Intermediate Data Scientist,Citi,Irving,TX
Data Science Intern,Aruba Networks,Santa Clara,CA
"Data Science R&D, Research Associate",Civis Analytics,Chicago,IL
Intern-Data Scientist,Komatsu,Milwaukee,WI
"Data Science Online Project Instructor (Part-Time, Contract)",DataCamp,New York,NY
Internship - Data Science (Summer 2019,Aegon,Denver,CO
Data Science Intern (Adversarial Machine Learning),"FireEye, Inc.",Reston,VA
Data Science Intern,Bayer,Berkeley,CA
"Intern, Data Science",AccuWeather,Wichita,KS
Data Science Intern,"Viral Launch, Inc.",Indianapolis,IN
Data Scientist,data245,Bannockburn,IL
Data Science Summer Intern,Commonwealth Care Alliance,Boston,MA
Associate Data Scientist (Analytics and Visualization Specia...,Virginia Mason Memorial,Yakima,WA
"Data Science QA Engineer - Conshohocken, PA",RS Energy Group,Conshohocken,PA
Intermediate Data Scientist,Citi,Irving,TX
Data Scientist/Engineer,CAS Group,Philadelphia,PA
Data Science Intern,The Hartford,Charlotte,NC
"Intern, Data Science",Vertex Pharmaceuticals,Boston,MA
Data Scientist,"Pi Square, LLC",Bellevue,WA
Data Scientist,Custoria,New York,NY
Data Scientist,Intent Media,New York,NY
Data Science Intern,iRobot Corporation,Bedford,MA
Machine Learning Data Associate,Amazon.com,Santa Barbara,CA
MACHINE LEARNING AND DATA ANALYTICS RESEARCHER,Andrew Davidson & Co,United States,
2019 PhD Data Scientist Internship - Applied Behavioral Scie...,Uber,San Francisco,CA
Data Scientist,Fraank Systems,New York,NY
Data Scientist,Progrexion,Salt Lake City,UT
Data Science- Expert in Residence,General Assembly,New York,NY
Data Scientist Intern,Intel,Phoenix,AZ
Data Science Summer Intern - New York - College Program 2019,Marsh,New York,NY
Part-time Data Science Instructor,Data Society,Washington,DC
Data Science Intern,Galileo Processing,Salt Lake City,UT
Data Scientist - Payments/Fraud,Roblox,San Mateo,CA
"Intern, Data Science",Vertex Pharmaceuticals,Boston,MA
Data Scientist,NLB Corp,Phoenix,AZ
Jr. Data Scientist,Big Mirror Labs,Dallas,TX
Data Scientist (Two Jobs),Mid America Search,Madison,WI
Data Scientist,AllazoHealth,New York,NY
Associate Data Scientist (Analytics and Visualization Specia...,Virginia Mason Memorial,Yakima,WA
"Intern, Data Science",Vertex Pharmaceuticals,Boston,MA
Intermediate Data Scientist,Citi,Irving,TX
Data Scientist/Engineer,CAS Group,Philadelphia,PA
Data Science Intern,The Hartford,Charlotte,NC
"Intern, Data Science",Vertex Pharmaceuticals,Boston,MA
Data Scientist/Engineer,CAS Group,Philadelphia,PA
Data Science Intern,The Hartford,Charlotte,NC
Junior Data Scientist,BlueVine,Redwood City,CA
Internship - Data Science,Snag,Arlington,VA
Data Scientist Summer Intern,Neuberger Berman,New York,NY
Data Science Analyst,Adobe,Lehi,UT
Data Scientist,Simulmedia,New York,NY
Data Scientist,RiverPoint,Remote,
Data Scientist,Hi Fidelity Genetics,Des Moines,IA
"Analyst, Strategy and Research",Deloitte,New York,NY
Data Science Intern at Travel Startup,Travoom,Santa Monica,CA
Intern - Data Science & Engineering,Seagate Technology,Bloomington,MN
Associate Data Scientist (Analytics and Visualization Specia...,Virginia Mason Memorial,Yakima,WA
Intermediate Data Scientist,Citi,Irving,TX
Data Science Intern,The Hartford,Charlotte,NC
Junior Data Visualization Analyst,Verizon,Temple Terrace,FL
Data Scientist,Montana State University,Bozeman,MT
Data Scientist,Central Intelligence Agency,Washington,DC
Data Scientist,Better,New York,NY
Data Scientist,Data Xpander,Sunnyvale,CA
DATA SCIENCE INTERN,Inspire Brands,Atlanta,GA
CORE studio Data Science Intern,Thornton Tomasetti.,New York,NY
Junior Data Analyst Intern,National Rural Electric Cooperative Association (N...,Arlington,VA
Class of 2019: Bertelsmann Data Science Program - MEDIAn,"Bertelsmann, Inc.",New York,NY
Data Science Summer Intern,Commonwealth Care Alliance,Boston,MA
Data Science Summer Intern,Commonwealth Care Alliance,Boston,MA
Associate Data Scientist (Analytics and Visualization Specia...,Virginia Mason Memorial,Yakima,WA
"Intern, Data Science",Vertex Pharmaceuticals,Boston,MA
Intermediate Data Scientist,Citi,Irving,TX
Data Scientist/Engineer,CAS Group,Philadelphia,PA
Data Scientist,Reorg Research,New York,NY
Data Science Summer Intern - Undergrad,Proofpoint,Sunnyvale,CA
Data Science Internship,MilliporeSigma,St. Louis,MO
Marketing Data Science Intern - Summer 2019,Sonic Drive-In - Corporate,Oklahoma City,OK
Graduate Studies Program - Data Scientist,Central Intelligence Agency,Washington,DC
Data Scientist,O'Reilly Media,San Francisco,CA
Data Science/Machine Learning Intern - Summer 2019,Punchh,San Mateo,CA
Data Scientist - Intern/Coop,IBM,United States,
Data Science Engineer Intern,"Accolade, Inc.",Seattle,WA
Data Scientist,TensorIoT Inc,Irvine,CA
Data Science Summer Intern,Commonwealth Care Alliance,Boston,MA
Associate Data Scientist (Analytics and Visualization Specia...,Virginia Mason Memorial,Yakima,WA
"Data Science QA Engineer - Conshohocken, PA",RS Energy Group,Conshohocken,PA
Intermediate Data Scientist,Citi,Irving,TX
Data Scientist/Engineer,CAS Group,Philadelphia,PA
Data Science Intern,The Hartford,Charlotte,NC
"Intern, Data Science",Vertex Pharmaceuticals,Boston,MA
Data Science Intern (Summer),FabFitFun,Los Angeles,CA
Machine Learning Developer Analyst,Liquid Futures Capital,New York,NY
Data Scientist - Insurance,Blue Owl,San Francisco,CA
"Analyst, Data Scientist",Annalect,New York,NY
Data Scientist,Macy's,New York,NY
Machine Learning Data Associate,"A2Z Development Center, Inc.",Santa Barbara,CA
Summer Data Science Intern,RGA,Chesterfield,MO
data scientist,Qikspace,United States,
vSOC Data Science Intern,GuidePoint Security,Denver,CO
Data Science and Engineering Intern,Aruba Networks,Santa Clara,CA
Associate Data Scientist (Analytics and Visualization Specia...,Virginia Mason Memorial,Yakima,WA
"Intern, Data Science",Vertex Pharmaceuticals,Boston,MA
Data Scientist/Engineer,CAS Group,Philadelphia,PA
Data Science Intern,The Hartford,Charlotte,NC
Intermediate Data Scientist,Citi,Irving,TX
Data Scientist/Engineer,CAS Group,Philadelphia,PA
Data Science Intern,The Hartford,Charlotte,NC
Associate Data Scientist (Analytics and Visualization Specia...,Virginia Mason Memorial,Yakima,WA
Data Scientist,Swish Analytics,San Francisco,CA
Data Science Internship: 2019,Red Ventures,Charlotte,NC
Data Science Consultant / R/Python,Infovie Inc,Santa Clara,CA
"BIOVIA - Data Science Internship, June - August 2019",Dassault Systèmes,San Diego,CA
Data Scientist,Gayathri's Sandbox,Menlo Park,CA
Part Time Data Analyst Intern,Decision cloud,Bellevue,WA
Data Science Statistian,Holy Name Medical Center,Teaneck,NJ
Data Science and Analytics Internship,Valencell,Raleigh,NC
"Data Science/Process Yield, Intern",Qorvo,Richardson,TX
Data Scientist,Libra Services,New York,NY
"Intern, Data Science",Vertex Pharmaceuticals,Boston,MA
Intermediate Data Scientist,Citi,Irving,TX
Data Scientist,IBM,Armonk,NY
Data Science Summer 2019 Internship,Penguin Random House LLC,New York,NY
Grad Intern – GCO (Data Science),Amgen,Thousand Oaks,CA
Data Science Intern 2019,Motorola Solutions,Schaumburg,IL
Data Scientist,Fiat Chrysler Automobiles,Detroit,MI
Data Science Summer Intern,Proofpoint,Draper,UT
"Data Scientist, Sports",Electronic Arts,Orlando,FL
Data Science and Forecast Analyst,Belk,Charlotte,NC
Data Science/Machine Learning Intern/Co-Op,ALSTOM,Florida,
Data Visualization Engineer (intern),Fitnescity,New York,NY
"Data Science QA Engineer - Conshohocken, PA",RS Energy Group,Conshohocken,PA
Data Science Summer Intern,Commonwealth Care Alliance,Boston,MA
Associate Data Scientist (Analytics and Visualization Specia...,Virginia Mason Memorial,Yakima,WA
"Intern, Data Science",Vertex Pharmaceuticals,Boston,MA
Data Science Intern,The Hartford,Charlotte,NC
Data Scientist/Engineer,CAS Group,Philadelphia,PA
Intermediate Data Scientist,Citi,Irving,TX
"Intern, Data Science",Vertex Pharmaceuticals,Boston,MA
"Junior Software Engineer, Data Science","LockerDome, Inc.",St. Louis,MO
Summer 2019 Data Science Internship,Norfolk Southern Corp,Atlanta,GA
Data Science Intern,Thermo Fisher Scientific,Carlsbad,CA
Marketing Data Scientist Intern,Medidata Solutions,New York,NY
Data Science Intern,The Hartford,Charlotte,NC
Data Scientist Lombard Illinois,eQHealth Solutions,Lombard,IL
"Intern, Data Science",Huawei,Mountain View,CA
Data Scientist,M Science,New York,NY
Venture Capital Analyst - Data Scientist,Simon Property Group,New York,NY
Data Science Intern,Chegg,San Francisco,CA
Data Science Summer Intern,Commonwealth Care Alliance,Boston,MA
Data Science Intern,The Hartford,Charlotte,NC
Associate Data Scientist (Analytics and Visualization Specia...,Virginia Mason Memorial,Yakima,WA
"Data Science QA Engineer - Conshohocken, PA",RS Energy Group,Conshohocken,PA
Data Scientist/Engineer,CAS Group,Philadelphia,PA
Intermediate Data Scientist,Citi,Irving,TX
Data Scientist,Annalect,Chicago,IL
Jr. Data Scientist,Reliable Software,Northville,MI
Data Scientist,Cognizant,Plano,TX
Data Scientist Summer Internship 2019,BMW Technology Corporation,Chicago,IL
Data Science Consultant,Quantiphi Inc.,Princeton,NJ
Data Science/Machine Learning - Internship,FICO,San Jose,CA
Data Scientist-SDWAN,Cisco Careers,Milpitas,CA
Data Science Specialist,University of California San Francisco,San Francisco,CA
Data Science Analyst,Visions Federal Credit Union,Endwell,NY
Data Scientist,Grainger,Lake Forest,IL
"Data Science QA Engineer - Conshohocken, PA",RS Energy Group,Conshohocken,PA
Data Scientist/Engineer,CAS Group,Philadelphia,PA
Data Science Intern,The Hartford,Charlotte,NC
Intermediate Data Scientist,Citi,Irving,TX
Associate Data Scientist (Analytics and Visualization Specia...,Virginia Mason Memorial,Yakima,WA
Data Science Summer Intern,Commonwealth Care Alliance,Boston,MA
"Intern, Data Science",Vertex Pharmaceuticals,Boston,MA
Data Scientist/Engineer,CAS Group,Philadelphia,PA
Data Science Intern,The Hartford,Charlotte,NC
Associate Data Scientist (Analytics and Visualization Specia...,Virginia Mason Memorial,Yakima,WA
Data Science Intern,W.R. Berkley,Chesterfield,MO
Data Scientist Intern,Internet Brands,Los Angeles,CA
"Data Science Intern - (Sacramento, CA)",Citilabs,Sacramento,CA
VP of Data Science,Tapad,New York,NY
Data Science Intern,Arch,Washington,DC
Data Engineer-Assistant Vice President,Deutsche Bank,New York,NY
Data Scientist,Pricesenz,Broomfield,CO
Data Scientist Intern,Criteo,Palo Alto,CA
Data Analyst | Rider Experience,Uber,San Francisco,CA
Data Science Consultant - New York,Capgemini,New York,NY
"Intern, Data Science",Vertex Pharmaceuticals,Boston,MA
Intermediate Data Scientist,Citi,Irving,TX
Data Scientist,Marqeta,Oakland,CA
Data Scientist/Developer I,Massachusetts General Hospital(MGH),Boston,MA
Research/Data Analyst,JLL,Houston,TX
2019 Summer Internship - Data Science Practice (The Core),Leo Burnett,Chicago,IL
Behavioral Data Scientist - Ipsos Behavioral Data Group,Ipsos North America,New York,NY
Data Science Internship,Hogan Lovells,Louisville,KY
Intern- Data Science,Micron,Manassas,VA
"Associate,Data Sciences (Wave Maker)",Wavemaker,United States,
Data Scientist,Gustaine,Orange,CA
Data Analyst / Data Scientist,SixLeaf,Remote,
Associate Data Scientist (Analytics and Visualization Specia...,Virginia Mason Memorial,Yakima,WA
"Intern, Data Science",Vertex Pharmaceuticals,Boston,MA
Intermediate Data Scientist,Citi,Irving,TX
Data Scientist/Engineer,CAS Group,Philadelphia,PA
Data Science Intern,The Hartford,Charlotte,NC
Data Scientist/Engineer,CAS Group,Philadelphia,PA
Data Science Intern,The Hartford,Charlotte,NC
"Intern, Data Science",Vertex Pharmaceuticals,Boston,MA
Senior Scientist I- Data Science,Mondelez International,Parsippany,NJ
Junior Data Scientist,Shipbob Inc,Chicago,IL
Grad Co-op – GCO (Data Science),Amgen,Thousand Oaks,CA
Data Scientist,GAF Materials Corporation,Parsippany,NJ
Data Scientist,Nautilus Labs,New York,NY
Data Scientist,Nehemiah Security,United States,
"Data Scientist, Applied Analytics",Time Warner,Seattle,WA
Data Science Intern,Gulf States Financial Services,Houston,TX
Data Scientist,eBay Inc.,San Jose,CA
"Associate, Data Sciences",Wavemaker,New York,NY
Associate Data Scientist (Analytics and Visualization Specia...,Virginia Mason Memorial,Yakima,WA
Data Science Summer Intern,Commonwealth Care Alliance,Boston,MA
Intermediate Data Scientist,Citi,Irving,TX
Data Scientist/Engineer,CAS Group,Philadelphia,PA
Data Science Intern,The Hartford,Charlotte,NC
"Intern, Data Science",Vertex Pharmaceuticals,Boston,MA
Data Science Intern,National Renewable Energy Laboratory,Golden,CO
Lecturer of Data Science,William & Mary,Williamsburg,VA
Intern Data Science (Summer 2019),The Hershey Company,Hershey,PA
Data Analyst Intern,setld,Pearland,TX
"Data Scientist, Aladdin Wealth Tech, Associate",BlackRock,New York,NY
Summer Internship 2019 / Data Science Intern,Abt Associates,Rockville,MD
Head of Data Science Controls,Paypal,New York,NY
Data Scientist,"Teladoc Health, Inc",Purchase,NY
Year-Round Data Science Intern,RGA,Chesterfield,MO
Junior Data Scientist,Allstate,Bothell,WA
Associate Data Scientist (Analytics and Visualization Specia...,Virginia Mason Memorial,Yakima,WA
Data Science Summer Intern,Commonwealth Care Alliance,Boston,MA
Intermediate Data Scientist,Citi,Irving,TX
Junior Data Scientist Internship,Logistics Management Institute,Tysons,VA
"Intern, Machine Learning",Fitch Ratings,New York,NY
"Data Scientist, Junior",Booz Allen Hamilton,San Diego,CA
People Data Scientist,Paradigm,San Francisco,CA
Data Scientist,Mid-Atlantic Permanente Medical Group,United States,
DATA SCIENCE INTERN,"Preventice Services, LLC",Eagan,MN
eCommerce Data Reporting Analyst,PepsiCo,New York,NY
Data Scientist,Scoop Technologies,San Francisco,CA
"Data Scientist, RBC Amplify - 2019",RBC,Jersey City,NJ
Data Scientist,"Amazon.com Services, Inc.",Seattle,WA
"Data Science QA Engineer - Conshohocken, PA",RS Energy Group,Conshohocken,PA
Data Science Summer Intern,Commonwealth Care Alliance,Boston,MA
"Intern, Data Science",Vertex Pharmaceuticals,Boston,MA
Intermediate Data Scientist,Citi,Irving,TX
Associate Data Scientist (Analytics and Visualization Specia...,Virginia Mason Memorial,Yakima,WA
Data Scientist/Engineer,CAS Group,Philadelphia,PA
Data Science Intern,The Hartford,Charlotte,NC
Associate Data Scientist (Analytics and Visualization Specia...,Virginia Mason Memorial,Yakima,WA
"Data Science QA Engineer - Conshohocken, PA",RS Energy Group,Conshohocken,PA
Data Scientist/Engineer,CAS Group,Philadelphia,PA
Intermediate Data Scientist,Citi,Irving,TX
Intern - Enterprise Data Science,Micron,Boise,ID
Data Scientist Intern,SAS Institute,Irvine,CA
Data Scientist,"ReliaQuest, LLC.",Dublin,CA
"Siri - Data Scientist, Data organization",Apple,Santa Clara Valley,CA
Data Scientist,MARC USA,Pittsburgh,PA
"Senior Associate, Data Sciences",Wavemaker,New York,NY
Data Engineer,Skylight,Remote,
Data Scientist,Xaxis,New York,NY
Data Scientist/Engineer,CAS Group,Philadelphia,PA
Junior Data Scientist,Logistics Management Institute,Tysons,VA
Data Science Summer Intern,Commonwealth Care Alliance,Boston,MA
"Intern, Data Science",Vertex Pharmaceuticals,Boston,MA
Data Science Intern,The Hartford,Charlotte,NC
Data Science Intern,The Hartford,Charlotte,NC
Data Engineer,HSBC,New York,NY
00S36G - Data Engineer,DXC,New Orleans,LA
Data Scientist Intern - Summer 2019,"ScaleFactor, Inc.",Austin,TX
Intern - Data Science,Ulta Beauty,Bolingbrook,IL
"Intern, Data Science",CalAmp,Irvine,CA
Data Engineer and Machine Learning Intern,Hewlett Packard Enterprise,Palo Alto,CA
Data Science & Analytics Intern,Trimble Inc.,Westminster,CA
Data Science Analyst (Intern),xentity corporation,Golden,CO
Data Scientist,DuPont,Wilmington,DE
Statistical Data Scientist,Hinge Health,San Francisco,CA
Associate Data Scientist (Analytics and Visualization Specia...,Virginia Mason Memorial,Yakima,WA
"Intern, Data Science",Vertex Pharmaceuticals,Boston,MA
Intermediate Data Scientist,Citi,Irving,TX
Data Scientist/Engineer,CAS Group,Philadelphia,PA
Data Science Intern,The Hartford,Charlotte,NC
Data Scientist I,LexisNexis,Raleigh,NC
Data Scientist (San Francisco or Kansas City),RiskIQ,San Francisco,CA
Deloitte Global- Data Scientist,Deloitte,Glen Mills,PA
Data Scientist,Zaius,Leesburg,VA
Data Scientist,ISO New England Inc.,Holyoke,MA
Data Scientist,IBM,Armonk,NY
Intern Data Scientist,"iHeartMedia, Inc.",San Antonio,TX
Research Data Analyst,University of California Berkeley,Berkeley,CA
Data Scientist,Veear Projects Inc,Menlo Park,CA
Data Scientist Jr.,Optimal Solutions Group,College Park,MD
"Intern, Data Science",Vertex Pharmaceuticals,Boston,MA
Associate Data Scientist (Analytics and Visualization Specia...,Virginia Mason Memorial,Yakima,WA
Intermediate Data Scientist,Citi,Irving,TX
Data Scientist/Engineer,CAS Group,Philadelphia,PA
Data Center Engineer,"Computer Enterprises, Inc.",Secaucus,NJ
Data Science Summer Intern (Crime Lab New York),The University of Chicago,Chicago,IL
Remote Sensing Data Scientist,University of Texas at Austin,Austin,TX
"Associate Data Scientist, Premium Analytics",Spotify,New York,NY
Data Scientist Internship,Walmart eCommerce,San Bruno,CA
Data Engineer - Value Models,Geophy,New York,NY
Data Science Internship,Trimble Inc.,Minnetonka,MN
Data Science Intern Job,Xcel Energy,Denver,CO
Junior Data Engineer,Bose,Boston,MA
3D Printing - Master Data Science Intern,HP,Vancouver,WA
Data Science Summer Intern,Commonwealth Care Alliance,Boston,MA
Associate Data Scientist (Analytics and Visualization Specia...,Virginia Mason Memorial,Yakima,WA
Data Scientist/Engineer,CAS Group,Philadelphia,PA
Data Science Intern,The Hartford,Charlotte,NC
"Intern, Data Science",Vertex Pharmaceuticals,Boston,MA
Intermediate Data Scientist,Citi,Irving,TX
"Data Scientist, Symetry Labs",AdTheorent,New York,NY
Data Scientist,Elicit,United States,
Data Scientist,REX Homes,Austin,TX
Data Scientist,Rice University,Houston,TX
Data Science Researcher,MIT,Cambridge,MA
Data Scientist (2019 Summer Intern),Rifiniti,Boston,MA
Data Research & Entry Analyst,First Light Fiber,Albany,NY
Data Scientist,Dow Jones,New York,NY
Data Scientist - Journey Analytics,McKinsey & Company,New York,NY
Students Seeking Data Scientist Full Time Employment,ExxonMobil,Houston,TX
Data Science Summer Intern,Commonwealth Care Alliance,Boston,MA
Associate Data Scientist (Analytics and Visualization Specia...,Virginia Mason Memorial,Yakima,WA
Data Scientist/Engineer,CAS Group,Philadelphia,PA
Data Science Intern,The Hartford,Charlotte,NC
"Intern, Data Science",Vertex Pharmaceuticals,Boston,MA
Intermediate Data Scientist,Citi,Irving,TX
Data Scientist Internship - Summer 2019,OfferUp,Bellevue,WA
Data Scientist Intern,CentralSquare Technologies,High Point,NC
Enrollment Data Science Coordinator,Fuller Theological Seminary,Pasadena,CA
Data Science Intern,CopperPoint Mutual Insurance Company,Phoenix,AZ
Data Science Intern,The Shipyard,Columbus,OH
Data Science Consultant,DATA ERP SYS,Santa Clara,CA
Data Science Intern,Elevate,Dallas,TX
Data Scientist,Pairwise,Raleigh-Durham,NC
Data Science Internships,Cambia Health,Portland,OR
Data Engineer Intern (Summer),Seattle Seahawks,Renton,WA
Data Science Summer Intern,Commonwealth Care Alliance,Boston,MA
Associate Data Scientist (Analytics and Visualization Specia...,Virginia Mason Memorial,Yakima,WA
Data Scientist/Engineer,CAS Group,Philadelphia,PA
Data Science Intern,The Hartford,Charlotte,NC
"Intern, Data Science",Vertex Pharmaceuticals,Boston,MA
Intermediate Data Scientist,Citi,Irving,TX
Analytics/Data Science Intern,American Eagle Outfitters,Pittsburgh,PA
Data Analyst Intern,Concho,Midland,TX
Data Scientist I,Baxter,Round Lake,IL
Data Science and Analytics Intern,Hewlett Packard Enterprise,Fort Collins,CO
Data Science Co-op (January-June 2019),Bose,Boston,MA
Data Scientist,Core-CSI,McLean,VA
Data Science Marketing Intern,Grubhub,Chicago,IL
Data Analyst Intern,OCLC,Dublin,OH
Data Engineer,WeWork,New York,NY
Bioinformatics Data Scientist I/II/III,Macrogen Corp.,Rockville,MD
Data Science Summer Intern,Commonwealth Care Alliance,Boston,MA
Associate Data Scientist (Analytics and Visualization Specia...,Virginia Mason Memorial,Yakima,WA
"Intern, Data Science",Vertex Pharmaceuticals,Boston,MA
Data Scientist/Engineer,CAS Group,Philadelphia,PA
Data Science Intern,The Hartford,Charlotte,NC
Intermediate Data Scientist,Citi,Irving,TX
Intermediate Data Scientist,Citi,Irving,TX
Data Scientist/Engineer,CAS Group,Philadelphia,PA
Data Science Intern,The Hartford,Charlotte,NC
"Intern, Data Science",Vertex Pharmaceuticals,Boston,MA
Associate Data Scientist (Analytics and Visualization Specia...,Virginia Mason Memorial,Yakima,WA
Data Scientist - Comm Apps,Apple,Santa Clara Valley,CA
Data Scientist,CarGurus,Cambridge,MA
Data Engineer/Wrangler | Fortune 100 Retailer,BICP,Portland,OR
Data Scientist,"1) Davidson Technologies, Inc.",Colorado Springs,CO
Data Scientist,Chisholm Financial Labs,Austin,TX
Data Center Group Engineer Intern,Intel,Austin,TX
Data Science Intern – Finance,Thermo Fisher Scientific,Carlsbad,CA
Data Scientist,Entelo,San Francisco,CA
Data Scientist,Varo Money,San Francisco,CA
Data Scientist,LiveRamp,San Francisco,CA
Intermediate Data Scientist,Citi,Irving,TX
Data Scientist/Engineer,CAS Group,Philadelphia,PA
"Intern, Data Science",Vertex Pharmaceuticals,Boston,MA
"Data Scientist, Detection",White Ops,New York,NY
Data Analyst / Scientist [Full-time or intern)],Plato HQ,San Francisco,CA
Data Scientist - Data visualization,Simon & Schuster,New York,NY
Data Scientist,In-Depth Genomics,Bellevue,WA
Data Scientist,ISE Data Systems,Reston,VA
Data Scientist,Digital Dhara LLC,San Jose,CA
Data Analyst - Data Science Team,Progressive Leasing,Draper,UT
Data Scientist,Homesite Insurance,Boston,MA
Research Analyst,LendingTree,New York,NY
Quantitative Data Scientist,Bank of America,Jersey City,NJ
Data Science Intern,The Hartford,Charlotte,NC
Associate Data Scientist (Analytics and Visualization Specia...,Virginia Mason Memorial,Yakima,WA
Intermediate Data Scientist,Citi,Irving,TX
Data Scientist/Engineer,CAS Group,Philadelphia,PA
"Intern, Data Science",Vertex Pharmaceuticals,Boston,MA
Data Scientist,Vettery,New York,NY
Research Analyst,Westwood One,New York,NY
Banner Data Engineer,Enterprise Peak,Northampton,MA
Data Scientist Intern,Tableau,Seattle,WA
Intern Summer 2019 - Data Science,Concurrency,Chicago,IL
PMC: Data Engineer,Penske Media Corp.,New York,NY
Business Data Analyst,Verizon,Basking Ridge,NJ
"Associate Data Engineer - Entry Level, Cloud and Agile a plu...",Fidelity Investments,Durham,NC
Data Scientist,Gartner,Stamford,CT
Research Analyst,Bleacher Report,New York,NY
Data Science Intern,The Hartford,Charlotte,NC
Associate Data Scientist (Analytics and Visualization Specia...,Virginia Mason Memorial,Yakima,WA
Data Scientist/Engineer,CAS Group,Philadelphia,PA
Data Science Intern,The Hartford,Charlotte,NC
Associate Data Scientist (Analytics and Visualization Specia...,Virginia Mason Memorial,Yakima,WA
Data Engineer,AMBC Technologies,Houston,TX
Data Scientist,Brooks Bell,Raleigh,NC
Junior Data Scientist,Mathematica Policy Research,Cambridge,MA
"Analyst I-II, Data Science","Health Services Advisory Group, Inc.",Phoenix,AZ
Data Science Intern - Summer 2019,Valassis Digital,Morrisville,NC
Data Analyst,WrkShp,San Francisco,CA
Data Scientist I,Baxters,Round Lake,IL
Jr. Data Engineer,AdSwerve Inc,Seattle,WA
Data Scientist Internship,Lifetouch National School Studios Inc.,Eden Prairie,MN
Head of Analytics / Data Science,Patch.com,New York,NY
"Intern, Data Science",Vertex Pharmaceuticals,Boston,MA
Intermediate Data Scientist,Citi,Irving,TX
Data Scientist/Engineer,CAS Group,Philadelphia,PA
Data Science Intern,The Hartford,Charlotte,NC
Associate Data Scientist (Analytics and Visualization Specia...,Virginia Mason Memorial,Yakima,WA
Data Scientist (Financial Services),Hearts and Science,New York,NY
Data Scientist (New Graduate),"Digital Management, LLC",Cincinnati,OH
Healthcare Data Analyst,"AbleTo, Inc.",New York,NY
Data Scientist,OODA Health,Salt Lake City,UT
Machine Learning Engineering Intern,Butterfly Network,New York,NY
Data Scientist,Bolt,San Francisco,CA
Data Scientist,Capgemini,North Carolina,
Head of Data Science,Epic!,Redwood City,CA
Data Science Internship - Summer 2019,Zest Finance,Los Angeles,CA
Intern - Data Science,The Hanover Insurance Group,Worcester,MA
"Intern, Data Science",Vertex Pharmaceuticals,Boston,MA
Intermediate Data Scientist,Citi,Irving,TX
Intermediate Data Scientist,Citi,Irving,TX
Data Scientist/Engineer,CAS Group,Philadelphia,PA
Data Science Intern,The Hartford,Charlotte,NC
Associate Data Scientist (Analytics and Visualization Specia...,Virginia Mason Memorial,Yakima,WA
"Intern, Data Science",Vertex Pharmaceuticals,Boston,MA
AI PM(Data Science/AI IpSoft experience),Kutir Mobilty,Palo Alto,CA
Data Engineer,Flexton Inc,Sunnyvale,CA
Support Data Engineer,Schoolzilla,United States,
Research Data Analyst,CBRE,Glendale,CA
Data Scientist,Branch International,San Francisco,CA
Data Scientist,Digital Media Solutions,Clearwater,FL
Data Scientist,Bold Metrics,San Francisco Bay Area,CA
Data Science Instructor,General Assembly,New York,NY
Data Scientist - Operations,Progrexion,North Salt Lake,UT
"ENOVIA Machine Learning/Data Science Internship, May - Augus...",Dassault Systèmes,Waltham,MA
Intermediate Data Scientist,Citi,Irving,TX
Data Scientist/Engineer,CAS Group,Philadelphia,PA
Data Science Intern,The Hartford,Charlotte,NC
Associate Data Scientist (Analytics and Visualization Specia...,Virginia Mason Memorial,Yakima,WA
"Intern, Data Science",Vertex Pharmaceuticals,Boston,MA
Data Scientist (BS/MS/PhD),ExxonMobil,Houston,TX
Jr. Data Scientist,AppZen,San Jose,CA
Intern - Data Science R&D Undergrad Summer,Sandia National Laboratories,Livermore,CA
Data Scientist - Recommendations,Stitch Fix,San Francisco,CA
Data Science Intern,Duolingo,Pittsburgh,PA
Quantitative Data Engineer,Tudor Investment Corporation,New York,NY
Data Scientist,Citi,New York,NY
Data Engineer,SEMA4,New York,NY
"Data Scientist, Digital Health & Wellness",Johnson & Johnson Family of Companies,New Brunswick,NJ
Associate Data Scientist,Ten-X,San Mateo,CA
Data Science (Python) Senior Consultant,Deloitte,New York,NY
"Tenure Track Faculty Positions, Data Science",University of Delaware,Newark,DE
Data Scientist,Charter Solutions,Bloomington,MN
Data Analyst,Clearlink,Salt Lake City,UT
2019 Data Scientist - Campus,Travelport,Atlanta,GA
Data Analyst Intern - Summer 2019,Lenovo,Raleigh,NC
Data Scientist,Fetch Rewards,Chicago,IL
Software Engineering and Data Science Intern,Hewlett Packard Enterprise,Houston,TX
"Data Scientist, Insights - CU108",CircleUp,San Francisco,CA
Data Analytics & Data Science Intern,LOCKHEED MARTIN CORPORATION,Shelton,CT
"Intern, Data Science",Vertex Pharmaceuticals,Boston,MA
Data Science Summer Intern,Commonwealth Care Alliance,Boston,MA
Intermediate Data Scientist,Citi,Irving,TX
Data Scientist/Engineer,CAS Group,Philadelphia,PA
Data Science Intern,The Hartford,Charlotte,NC
Associate Data Scientist (Analytics and Visualization Specia...,Virginia Mason Memorial,Yakima,WA
Data Scientist Intern,Lumentum Operations LLC,Milpitas,CA
Data Scientist - Trust and Safety,Roblox,San Mateo,CA
Data Scientist,eureka strategic consulting,Columbia,MD
"Data Science Intern, Summer 2019",Regeneron,Tarrytown,NY
"Applied Data Scientist, Political",Civis Analytics,Chicago,IL
"VIE INNOVATION LAB AMERICAS - DATA SCIENTIST – NEW YORK, H/F",BNP Paribas Corporate & Institutional Banking,New York,NY
Data Scientist - Operations,Lexington Law,North Salt Lake,UT
Data Scientist 1,Paypal,San Francisco,CA
"Applied Data Scientist, Nonprofit",Civis Analytics,Chicago,IL
Data Scientist,Primesys Technologies,South Plainfield,NJ
Data Science Summer Intern,Commonwealth Care Alliance,Boston,MA
"Intern, Data Science",Vertex Pharmaceuticals,Boston,MA
Intermediate Data Scientist,Citi,Irving,TX
Data Scientist/Engineer,CAS Group,Philadelphia,PA
Data Science Intern,The Hartford,Charlotte,NC
Associate Data Scientist (Analytics and Visualization Specia...,Virginia Mason Memorial,Yakima,WA
Data Scientist,The Boston Consulting Group,New York,NY
"Associate Analyst, Data Science",MasterCard,O'Fallon,MO
Junior Research Analyst,Intercontinental Exchange,New York,NY
Data Scientist,Conversion Logic,Los Angeles,CA
Jr. Machine Learning,peopletechgroup,Bellevue,WA
"3M HIS Data Science/Machine Learning Intern (Murray, UT / St...",3M,Murray,UT
Core Engineering - Data Intelligence - Machine Learning (ML)...,Goldman Sachs,New York,NY
Internship Data Analyst - Product Analytics & Data Science,Criteo,Palo Alto,CA
"Internship Data Analyst - Product Analytics & Data Science,...",Criteo,Palo Alto,CA
"Data Science Internship, Crop (Anoka)",Zurich North America,Anoka,MN
Data Science Summer Intern,Commonwealth Care Alliance,Boston,MA
"Intern, Data Science",Vertex Pharmaceuticals,Boston,MA
Intermediate Data Scientist,Citi,Irving,TX
Data Scientist/Engineer,CAS Group,Philadelphia,PA
Data Science Intern,The Hartford,Charlotte,NC
Associate Data Scientist (Analytics and Visualization Specia...,Virginia Mason Memorial,Yakima,WA
Research Data Analyst,University of California San Francisco,San Francisco,CA
Data Science Engineer,HBM Prenscia,Southfield,MI
Data Scientist,Bright Cellars,Milwaukee,WI
2019 Canon Insights Summer Internship - Data Science,"Canon U.S.A., Inc.",Melville,NY
Data Scientist,Domino's,Ann Arbor,MI
Data Scientist,Arthur Lawrence,Aurora,CO
Flight Data Recording Engineer,Mitsubishi Aircraft Corporation,Moses Lake,WA
Data Scientist,Meredith Corporation,Los Angeles,CA
Data Scientist,Vermont Mutual Insurance,Montpelier,VT
Data Science Engineer,KOHLS,Milpitas,CA
Data Science Summer Intern,Commonwealth Care Alliance,Boston,MA
"Intern, Data Science",Vertex Pharmaceuticals,Boston,MA
Intermediate Data Scientist,Citi,Irving,TX
Data Scientist/Engineer,CAS Group,Philadelphia,PA
Data Science Intern,The Hartford,Charlotte,NC
Associate Data Scientist (Analytics and Visualization Specia...,Virginia Mason Memorial,Yakima,WA
Data Science Engineer,KOHLS,Milpitas,CA
Data Analytics & Data Science Intern,LOCKHEED MARTIN CORPORATION,Shelton,CT
Data Scientist (EFT Analytics),KOCH MINERALS,New York,NY
E-Discovery Data Engineer (ADS),Prosearch Strategies,Los Angeles,CA
Data Engineer,Spotify,New York,NY
Data Scientist,Vermont Mutual Insurance,Montpelier,VT
Data Engineer,Paperless Post,New York,NY
Internship Data Analyst - Product Analytics & Data Science,Criteo,Palo Alto,CA
"Internship Data Analyst - Product Analytics & Data Science,...",Criteo,Palo Alto,CA
Systems Engineer-Data Center Operations,"Computer Enterprises, Inc.",Secaucus,NJ
"Data Science QA Engineer - Conshohocken, PA",RS Energy Group,Conshohocken,PA
Data Science Summer Intern,Commonwealth Care Alliance,Boston,MA
"Intern, Data Science",Vertex Pharmaceuticals,Boston,MA
Associate Data Scientist (Analytics and Visualization Specia...,Virginia Mason Memorial,Yakima,WA
Data Science Intern,The Hartford,Charlotte,NC
Intermediate Data Scientist,Citi,Irving,TX
Data Scientist/Engineer,CAS Group,Philadelphia,PA
Data Science Intern,Schneider Electric,United States,
Data Scientist,Assembly,Los Angeles,CA
Data Science (Python) Senior Consultant,Deloitte,New York,NY
Pricing Associate - Data Science Track,Elephant Auto Insurance,Richmond,VA
Associate Data Scientist,CentralSquare Technologies,High Point,NC
"Summer Intern - Graduate, Data Scientist",Levi Strauss & Co.,San Francisco,CA
Data Scientist,Verizon,Basking Ridge,NJ
Jr. Machine Learning,peopletechgroup,Bellevue,WA
Data Scientist/Machine Learning Trainee,Norfolk Southern Corp,Atlanta,GA
Data Scientist - Manufacturing,Bluescope NA,Kalama,WA
"Data Science QA Engineer - Conshohocken, PA",RS Energy Group,Conshohocken,PA
Data Science Summer Intern,Commonwealth Care Alliance,Boston,MA
"Intern, Data Science",Vertex Pharmaceuticals,Boston,MA
Associate Data Scientist (Analytics and Visualization Specia...,Virginia Mason Memorial,Yakima,WA
Data Science Intern,The Hartford,Charlotte,NC
Intermediate Data Scientist,Citi,Irving,TX
Data Scientist/Engineer,CAS Group,Philadelphia,PA
Law Enforcement Data Analyst,Government of the District of Columbia,Washington,DC
Data Scientist,Big Data Federation,Santa Clara,CA
Employment Background Research Analyst,"National Research Associates, Inc.",Rocky Hill,CT
"Data Science Intern, Summer 2019",Regeneron,Tarrytown,NY
Data Scientist,Verveba Analytics,Richardson,TX
Research Data Analyst (Full-Time; Days),Cottage Health System,Santa Barbara,CA
Image Data Scientist,Jacobs,Houston,TX
Data Analyst Intern - Summer 2019,Lenovo,Raleigh,NC
Market Research Analyst,Icon Payments,New York,NY
Machine Learning Engineer - AI - Fantastic opportunity,Lennon Wright Associates,San Francisco,CA
"Data Science QA Engineer - Conshohocken, PA",RS Energy Group,Conshohocken,PA
Data Science Summer Intern,Commonwealth Care Alliance,Boston,MA
"Intern, Data Science",Vertex Pharmaceuticals,Boston,MA
Associate Data Scientist (Analytics and Visualization Specia...,Virginia Mason Memorial,Yakima,WA
Data Science Intern,The Hartford,Charlotte,NC
Intermediate Data Scientist,Citi,Irving,TX
Data Scientist/Engineer,CAS Group,Philadelphia,PA
Summer Internship/Data Science,Systems Planning and Analysis,Alexandria,VA
Data Engineer Optimus Health Analytics,OPTIMUS HEALTH ANALYTICS,New York,NY
Data Scientist,Virginia Dept of Transportation,Richmond,VA
Data Scientist- Enterprise Product Analytics,App Info,New York,NY
"Data Scientist, Enterprise Analytics",Chipotle Mexican Grill,Newport Beach,CA
Junior Data Engineer,PMG Worldwide,Fort Worth,TX
Data Scientist,m3bi,Phoenix,AZ
"Siri - Embedded Data Scientist, Data organization",Apple,Santa Clara Valley,CA
Data Scientist,Everlaw,Oakland,CA
"INTERN, APPLIED DATA SCIENCE",Businesses Collins Aerospace,Windsor Locks,CT
"Data Science QA Engineer - Conshohocken, PA",RS Energy Group,Conshohocken,PA
Data Science Summer Intern,Commonwealth Care Alliance,Boston,MA
"Intern, Data Science",Vertex Pharmaceuticals,Boston,MA
Associate Data Scientist (Analytics and Visualization Specia...,Virginia Mason Memorial,Yakima,WA
Data Science Intern,The Hartford,Charlotte,NC
Intermediate Data Scientist,Citi,Irving,TX
Data Scientist/Engineer,CAS Group,Philadelphia,PA
Global Commercial Data Science Director,GlaxoSmithKline,House,NM
Data Engineer,Central Intelligence Agency,Washington,DC
Data Scientist II,Global Resource Solutions,Washington,DC
"Data Scientist, Aladdin Wealth Tech, Associate (Modeler)",BlackRock,New York,NY
Data Analyst,Sensor Tower,San Francisco,CA
SAP Concur iXp Intern- Data Scientist,SAP,Bellevue,WA
Data Engineer # JN -022019-44836,SSI,Thousand Oaks,CA
Data Engineer,Casper,New York,NY
Data Scientist,Teltech Systems,South Amboy,NJ
Data Science / Data Analytics Intern,Mitre Corporation,Bedford,MA
"Data Science QA Engineer - Conshohocken, PA",RS Energy Group,Conshohocken,PA
Data Science Summer Intern,Commonwealth Care Alliance,Boston,MA
"Intern, Data Science",Vertex Pharmaceuticals,Boston,MA
Associate Data Scientist (Analytics and Visualization Specia...,Virginia Mason Memorial,Yakima,WA
Data Science Intern,The Hartford,Charlotte,NC
Intermediate Data Scientist,Citi,Irving,TX
Data Scientist/Engineer,CAS Group,Philadelphia,PA
Research Data Analyst (Full-Time; Days),Cottage Health System,Santa Barbara,CA
SAP Concur iXp Intern- Data Scientist,SAP,Bellevue,WA
"Siri - Embedded Data Scientist, Data organization",Apple,Santa Clara Valley,CA
Junior Data Engineer,PMG Worldwide,Fort Worth,TX
Market Research Analyst,Icon Payments,New York,NY
Juñior Data Scientist,PIÑATA SCIENCES,Boston,MA
#Data Scientist,VivusTech,Chantilly,VA
Data Analyst,Sensor Tower,San Francisco,CA
Data Engineer # JN -022019-44836,SSI,Thousand Oaks,CA
ITS/Data Science Specialist,Felsburg Holt & Ullevig,Centennial,CO
"Data Science QA Engineer - Conshohocken, PA",RS Energy Group,Conshohocken,PA
Data Science Summer Intern,Commonwealth Care Alliance,Boston,MA
"Intern, Data Science",Vertex Pharmaceuticals,Boston,MA
Associate Data Scientist (Analytics and Visualization Specia...,Virginia Mason Memorial,Yakima,WA
Data Science Intern,The Hartford,Charlotte,NC
Intermediate Data Scientist,Citi,Irving,TX
Data Scientist/Engineer,CAS Group,Philadelphia,PA
Data Engineer,RunTitle,Austin,TX
Research & Data Analyst,"Antech Systems, Inc.",Chesapeake,VA
Data Engineer Optimus Health Analytics,OPTIMUS HEALTH ANALYTICS,New York,NY
Data Scientist/Machine Learning Trainee,Norfolk Southern Corp,Atlanta,GA
Data Science Engineer,Dtex Systems,San Jose,CA
Data/NLP Scientist,AnswerIQ,Bellevue,WA
Global Commercial Data Science Director,GlaxoSmithKline,House,NM
Data Analyst - Fixed Term,Stanford University,Stanford,CA
Data Analyst Intern - Summer 2019,Lenovo,Raleigh,NC
Associate Data Analyst Intern,Bridg,Los Angeles,CA
Data Science Summer Intern,Commonwealth Care Alliance,Boston,MA
"Data Science QA Engineer - Conshohocken, PA",RS Energy Group,Conshohocken,PA
"Intern, Data Science",Vertex Pharmaceuticals,Boston,MA
Associate Data Scientist (Analytics and Visualization Specia...,Virginia Mason Memorial,Yakima,WA
Data Science Intern,The Hartford,Charlotte,NC
Intermediate Data Scientist,Citi,Irving,TX
Data Scientist/Engineer,CAS Group,Philadelphia,PA
Intermediate Data Scientist,Citi,Irving,TX
"Intern, Data Science",Vertex Pharmaceuticals,Boston,MA
Data Scientist/Engineer,CAS Group,Philadelphia,PA
Data Science Intern,The Hartford,Charlotte,NC
Associate Data Scientist (Analytics and Visualization Specia...,Virginia Mason Memorial,Yakima,WA
DATA AND OPERATIONS ANALYST,New York City DEPARTMENT OF BUSINESS SERV.,Manhattan,NY
Data Science Intern – Application Development,ServiceNow,Kirkland,WA
Summer Internship/Data Science,Systems Planning and Analysis,Alexandria,VA
Data Science / Data Analytics Intern,Mitre Corporation,Bedford,MA
Data Engineer,GameChanger,New York,NY
2019 Canon Insights Summer Internship - Data Science,"Canon U.S.A., Inc.",Melville,NY
Data Scientist Intern,Booz Allen Hamilton,McLean,VA
Associate Data Science Engineer,Federal Reserve Bank of Minneapolis,Minneapolis,MN
Employment Background Research Analyst,"National Research Associates, Inc.",Rocky Hill,CT
Recruiting Data Scientist,Bridgewater Associates,Stamford,CT
Intermediate Data Scientist,Citi,Irving,TX
Data Scientist/Engineer,CAS Group,Philadelphia,PA
"Intern, Data Science",Vertex Pharmaceuticals,Boston,MA
Data Analyst,Amida Technology Solutions,Washington,DC
"Data Scientist, Analytics & Tooling",Shape Security,Salt Lake City,UT
Senior Data Engineer (PostgreSQL) - New York,N26,New York,NY
Data Scientist,VA Commonwealth Univ,Richmond,VA
Data Scientist,"RAWLINGS GROUP, LaGrange, KY",Lagrange,KY
Lands’ End Business Outfitters Data Science Marketing Intern...,Lands' End,Dodgeville,WI
"Intern, Data Analysis Engineer",Infinite Campus,Minnesota,
"INTERN, APPLIED DATA SCIENCE",Businesses Collins Aerospace,Windsor Locks,CT
Data Scientist- Machine Translation,AppZen,San Jose,CA
Business Intelligence and Data Science Engineer,Continuus Technologies,Chicago,IL
Associate Data Scientist (Analytics and Visualization Specia...,Virginia Mason Memorial,Yakima,WA
Data Science Intern,The Hartford,Charlotte,NC
Data Scientist,Altice USA,Plano,TX
Market Research Analyst,Mm HK Trader Inc,New York,NY
Data Analyst,Credit Sesame,Mountain View,OR
Data Science / Ops Research / Statistics / Math Interns,Mitre Corporation,Bedford,MA
Associate Data Scientist,Factual,Los Angeles,CA
Data Scientist,eMetric,San Antonio,TX
Research Analyst,Radius Global Market,New York,NY
Data Scientist,Tonal,San Francisco,CA
Data Scientist,Blueshift,San Francisco,CA
Data Scientist Intern,LabCorp,Burlington,NC
"Intern, Data Science",Vertex Pharmaceuticals,Boston,MA
Associate Data Scientist (Analytics and Visualization Specia...,Virginia Mason Memorial,Yakima,WA
Intermediate Data Scientist,Citi,Irving,TX
Data Scientist/Engineer,CAS Group,Philadelphia,PA
Data Science Intern,The Hartford,Charlotte,NC
Data Scientist/Engineer,CAS Group,Philadelphia,PA
Data Science Intern,The Hartford,Charlotte,NC
"Intern, Data Science",Vertex Pharmaceuticals,Boston,MA
Data Science Engineer,CubeSmart,Malvern,PA
Manufacturing Data Scientist,Fiat Chrysler Automobiles,Auburn Hills,MI
"Data Scientist Intern, Inspector General’s Bureau of Program...",Commonwealth of Massachusetts,Boston,MA
Data Scientist Internship,Walmart Stores,Conway,AR
Data Scientist - NLP,Walmart eCommerce,Sunnyvale,CA
Quant Equity & Data Research Analyst - PhD Level,Zacks Investment Management,New York,NY
"Data Engineer, AWS - Fortune 100 Retailer",BICP,Portland,OR
Data Scientist,Street Simplified,Pasadena,CA
Data Scientist,VideoAmp,Santa Monica,CA
Application Software and Data Science Intern,KLA-Tencor,Milpitas,CA
Associate Data Scientist (Analytics and Visualization Specia...,Virginia Mason Memorial,Yakima,WA
Intermediate Data Scientist,Citi,Irving,TX
Data Engineer Intern,"InterWorks, Inc.",Stillwater,OK
Data Scientist I,Schneider National,Green Bay,WI
Research Data Analyst 2,UC San Diego,San Diego,CA
"Software Engineer, Data Science","LockerDome, Inc.",St. Louis,MO
Data Scientist,Time Warner,Seattle,WA
Operations Research and Data Science Analyst,Hertz,Estero,FL
"Full Stack Engineer, Data Science Team",Outreach,Seattle,WA
Data Scientist,black lantern security,Charleston,SC
"Intern, Data Scientist",Infinite Campus,Minnesota,
Data Scientist,Finrise,Burlingame,CA
"Intern, Data Science",Vertex Pharmaceuticals,Boston,MA
Associate Data Scientist (Analytics and Visualization Specia...,Virginia Mason Memorial,Yakima,WA
Intermediate Data Scientist,Citi,Irving,TX
Data Scientist/Engineer,CAS Group,Philadelphia,PA
Data Science Intern,The Hartford,Charlotte,NC
Data Scientist,Argo Group,New York,NY
Data Scientist - MSAT,Lonza,Portsmouth,NH
Data Scientist Intern - Advertising Technology,Walmart eCommerce,San Bruno,CA
Marketing Data Analyst,"Marlette Funding, Provider of Best Egg Personal Lo...",Newark,CA
Data Engineer - University Students,McKinsey & Company,New York,NY
Content Quality Analyst,DataCamp,New York,NY
Data Engineer,Nextlogic Technologies,Mountain View,CA
Data Scientist,Siemens,Atlanta,GA
Data Scientist,Change Healthcare,Lombard,IL
Data Analyst,The Motley Fool,Lakewood,CO
"Intern, Data Science",Vertex Pharmaceuticals,Boston,MA
Associate Data Scientist (Analytics and Visualization Specia...,Virginia Mason Memorial,Yakima,WA
Intermediate Data Scientist,Citi,Irving,TX
Data Scientist/Engineer,CAS Group,Philadelphia,PA
Data Science Intern,The Hartford,Charlotte,NC
Intermediate Data Scientist,Citi,Irving,TX
Data Scientist/Engineer,CAS Group,Philadelphia,PA
Data Scientist,Coso IT,Redmond,WA
Data Engineer,ShopKeep,New York,NY
Data Scientist,VMware,Palo Alto,CA
Associate Data Scientist,"Blue Cross Blue Shield of IL, MT, NM, OK & TX",Chicago,IL
Data Scientist - Generalist,Beyond Limits,Glendale,CA
Summer Intern: Data Science and Tech Solutions,Phenom People,Ambler,PA
Data Scientist,Decision Sciences,Poway,CA
"Intern, Data Scientist",pSemi,San Diego,CA
Research and Data Quality Assurance Analyst,Orange County Government,Hillsborough,NC
Data Science - Analyst,Merkle Inc.,Columbia,MD
"Intern, Data Science",Vertex Pharmaceuticals,Boston,MA
Associate Data Scientist (Analytics and Visualization Specia...,Virginia Mason Memorial,Yakima,WA
Data Science Intern,The Hartford,Charlotte,NC
Data Scientist,National Association of REALTORSÂ®,Chicago,IL
Data Scientist Intern,KAYAK,Boston,MA
Data Scientist,BorderX Lab Inc,Sunnyvale,CA
Programmer/Data Scientist,New York University,New York,NY
Computer Science and Data Science,"BGI, LLC",Akron,OH
Data Engineer - Maps Traffic Team,Apple,Santa Clara Valley,CA
Machine Learning Intern,Apollo AI Inc.,Santa Clara,CA
Data Scientist,Arconic,Whitehall,MI
Data Analyst,FocusKPI Inc.,Sunnyvale,CA
Staff Data Scientist,Tapjoy,San Francisco,CA
"Intern, Data Science",Vertex Pharmaceuticals,Boston,MA
Associate Data Scientist (Analytics and Visualization Specia...,Virginia Mason Memorial,Yakima,WA
Intermediate Data Scientist,Citi,Irving,TX
Data Scientist/Engineer,CAS Group,Philadelphia,PA
Data Science Intern,The Hartford,Charlotte,NC
Data/AI Scientist,WTS Paradigm,Middleton,WI
Associate Data Scientist,Spirent Communications,Holmdel,NJ
Data Engineer,Kingsmen Software,Charlotte,NC
Data Engineer,Hilton Software,Coral Springs,FL
"Auction and Delivery Data Science Intern, Marketing Science",Facebook,Menlo Park,CA
Data Scientist - multiple openings,"PowerAdvocate, Inc",Boston,MA
Data Scientist (EG),Pros.,Houston,TX
Flight Data Recording Engineer,MSB Global Resources,Moses,WA
Data Science Boot Camp,Max Planck Florida,Jupiter,FL
Data Analyst,Risk Solutions,Boca Raton,FL
"Intern, Data Science",Vertex Pharmaceuticals,Boston,MA
Associate Data Scientist (Analytics and Visualization Specia...,Virginia Mason Memorial,Yakima,WA
Intermediate Data Scientist,Citi,Irving,TX
Data Scientist/Engineer,CAS Group,Philadelphia,PA
Data Science Intern,The Hartford,Charlotte,NC
Data Science Intern,The Hartford,Charlotte,NC
Intermediate Data Scientist,Citi,Irving,TX
Research Analyst,Talent Table,Boston,MA
Machine Learning / NLP Data Scientist,Attadale Partners,Chicago,IL
Data Scientist,Mid-Atlantic Permanente Medical Group PC,Rockville,MD
Data Scientist I,Commerce Bank,Kansas City,MO
"Data Engineer (Python, SQL) - 2019 Summer Internship",Glidewell Dental,Irvine,CA
"Data Analyst, Junior",Booz Allen Hamilton,Arlington,VA
Data Scientist,"Synchronoss Technologies, Inc.",Phoenix,AZ
Data Scientist,Synchronoss,Phoenix,AZ
Data Scientist - QuantumBlack,McKinsey & Company,Chicago,IL
Data Scientist: Machine Learning Engineer,pymetrics,New York,NY
"Intern, Data Science",Vertex Pharmaceuticals,Boston,MA
Associate Data Scientist (Analytics and Visualization Specia...,Virginia Mason Memorial,Yakima,WA
Data Scientist/Engineer,CAS Group,Philadelphia,PA
Intermediate Data Scientist,Citi,Irving,TX
Data Scientist/Engineer,CAS Group,Philadelphia,PA
Data Services Engineer I,ClarisHealth,United States,
Data Scientist,Pluto TV,Los Angeles,CA
Data Scientist,Metromile,San Francisco,CA
Market Research Analyst,AvATAR,East Windsor,CT
Data Operations Engineer,DoubleVerify,New York,NY
Data Scientist Summer Intern,The Chemours Company,Wilmington,DE
"Data Scientist, Conversations",Twitter,San Francisco,CA
Data Scientist,Invent Analytics,Chicago,IL
SUMMER INTERN MACHINE LEARNING,Johnson & Johnson Family of Companies,Spring House,PA
Data Scientist,MarketDial,Salt Lake City,UT
Associate Data Scientist (Analytics and Visualization Specia...,Virginia Mason Memorial,Yakima,WA
"Intern, Data Science",Vertex Pharmaceuticals,Boston,MA
Data Science Intern,The Hartford,Charlotte,NC
Intermediate Data Scientist,Citi,Irving,TX
Data Scientist/Engineer,CAS Group,Philadelphia,PA
Data Science Intern,The Hartford,Charlotte,NC
Associate Data Scientist (Analytics and Visualization Specia...,Virginia Mason Memorial,Yakima,WA
"Intern, Data Science",Vertex Pharmaceuticals,Boston,MA
Data Scientist Intern,Leidos,Arlington,VA
Associate Data Analytics Engineer,"Webcetera, L.P.",Lewisville,TX
"Data Analyst, Product Analytics & Data Science, Product",Criteo,Palo Alto,CA
"Research Analyst, Stamford & NYC",JLL,New York,NY
DATA SCIENCE INTERN (SUMMER 2019),Businesses Collins Aerospace,Cedar Rapids,IA
Clinical Data Analyst,Celmatix,New York,NY
Jr. Analyst-Data Sciences,Healthmap Solutions,Tampa,FL
Intern - IT Data Science,CRUTCHFIELD CORPORATION,Charlottesville,VA
Data Science / Ops Research / Statistics / Math New and Rece...,Mitre Corporation,Bedford,MA
Research Management Data Analyst,Morgan Stanley,New York,NY
Economic Research Analyst,"Department of Technology, Management and Budget",Lansing,MI
Intermediate Data Scientist,Citi,Irving,TX
Data Scientist/Engineer,CAS Group,Philadelphia,PA
Data Science Intern,The Hartford,Charlotte,NC
Associate Data Scientist (Analytics and Visualization Specia...,Virginia Mason Memorial,Yakima,WA
"Intern, Data Science",Vertex Pharmaceuticals,Boston,MA
Data Scientist Intern,Leidos,Arlington,VA
Public Health Data Scientist,Cherokee Nation Businesses,Silver Spring,MD
Data Scientist,Zume Inc.,Seattle,WA
Data Scientist / ML Engineer,GGTI,Washington,DC
Postdoctoral Research Associate in Data Science,Princeton University,Princeton,NJ
Data Science Consultant,Accenture,New York,NY
"Data Scientist, Cash App",Square,San Francisco,CA
Data Scientist,FourthWall Media,Sterling,VA
Junior Research Analyst,Fulcrum Financial Data - Fitch Solutions,New York,NY
Biomedical Data Science Associate,Brown University,Providence,RI
SAP Concur iXp intern- Customer Experience Transformation Da...,SAP,Bellevue,WA
Intermediate Data Scientist,Citi,Irving,TX
Data Scientist/Engineer,CAS Group,Philadelphia,PA
Data Science Intern,The Hartford,Charlotte,NC
Associate Data Scientist (Analytics and Visualization Specia...,Virginia Mason Memorial,Yakima,WA
"Intern, Data Science",Vertex Pharmaceuticals,Boston,MA
Data Scientist Intern,Leidos,Arlington,VA
Summer Intern: Data Scientist,Electronic Arts,Austin,TX
SUMMER INTERN 2019 - DATA SCIENCE (JUNE 3-AUGUST 16),HAVI Logistics,Downers Grove,IL
Graduate Fellow Program (Data Science Students),Logistics Management Institute,Tysons,VA
Data Engineer,Vistra Corporate Services Company,Irving,TX
Data Science Specialist,University of Texas at Austin,Austin,TX
2019 PhD Data Scientist Internship - Maps,Uber,San Francisco,CA
Data Science Engineer,Apple,Austin,TX
"Data Scientist - Fraud Engineering, Algorithms, and Risk",Apple,Santa Clara Valley,CA
EDABI Graduate Data Science Intern,Target,Minneapolis,MN
Data Scientist,Criteo,Palo Alto,CA
Intermediate Data Scientist,Citi,Irving,TX
Data Scientist/Engineer,CAS Group,Philadelphia,PA
Data Science Intern,The Hartford,Charlotte,NC
Associate Data Scientist (Analytics and Visualization Specia...,Virginia Mason Memorial,Yakima,WA
"Intern, Data Science",Vertex Pharmaceuticals,Boston,MA
Data Scientist Intern,Leidos,Arlington,VA
Data Scientist,Walmart eCommerce,Conway,AR
Need Cosmos Data engineer /Developer,nFolks Ltd,Redmond,WA
Data Science Intern- UIUC Innovation Center,MONSANTO,Champaign,IL
Data Scientist,Courage Services,Arlington,VA
Data Scientist,Softheon,Stony Brook,NY
"Data Scientist, PhD University Graduate",Google,Mountain View,CA
Software Engineer - Data,WaterSmart Software,San Francisco,CA
Data Scientist - North Carolina,LeanTaaS,Charlotte,NC
Data Science Manager,Stitch Fix,San Francisco,CA
Machine learning Data Scientist(No-OPT),Ingenworks,Phoenix,AZ
Intermediate Data Scientist,Citi,Irving,TX
Data Scientist/Engineer,CAS Group,Philadelphia,PA
Data Science Intern,The Hartford,Charlotte,NC
Associate Data Scientist (Analytics and Visualization Specia...,Virginia Mason Memorial,Yakima,WA
"Intern, Data Science",Vertex Pharmaceuticals,Boston,MA
Data Scientist Intern,Leidos,Arlington,VA
SAP IBS iXp Intern - Data Scientist,SAP,Palo Alto,CA
Data Scientist (Contract),Genentech,San Francisco,CA
Data Science and Analytics Intern,TTX Company,Chicago,IL
Intern - Data Science R&D UG Summer,Sandia National Laboratories,Livermore,CA
Distributed Data Systems Engineer,Rockerbox,New York,NY
Data Science Summer Institute Student Intern,Lawrence Livermore National Laboratory,Livermore,CA
Data Scientist II,Microsoft,Redmond,WA
DATA SCIENCE CONSULTANT,managementsolutions,Birmingham,AL
Solaria Labs Data Science Coop,Liberty Mutual Insurance,Boston,MA
Data Engineer,TXU Energy,Irving,TX
Intermediate Data Scientist,Citi,Irving,TX
Data Scientist/Engineer,CAS Group,Philadelphia,PA
Data Science Intern,The Hartford,Charlotte,NC
Associate Data Scientist (Analytics and Visualization Specia...,Virginia Mason Memorial,Yakima,WA
"Intern, Data Science",Vertex Pharmaceuticals,Boston,MA
Data Scientist Intern,Leidos,Arlington,VA
Data Scientist,States Title,San Francisco,CA
Data Science and Engineering Intern,Leidos,Arlington,VA
Data Engineer Intern,eHealth,San Francisco,CA
"Digital Marketing - Data Science Internhip, May - September...",Dassault Systèmes,Waltham,MA
Data Scientist,"Land O’Lakes, Inc.",Gray Summit,MO
High School SRAP - Atmospheric Measurements and Data Science...,Pacific Northwest National Laboratory,Richland,WA
Data Scientist University Grad,ViaSat,Carlsbad,CA
Data Science Consultant,Artis Consulting,Richardson,TX
DATA SCIENCE & ANALYTICS INTERN,Businesses Collins Aerospace,Windsor Locks,CT
Data Engineer,Marqeta,Oakland,CA
Intermediate Data Scientist,Citi,Irving,TX
Data Scientist/Engineer,CAS Group,Philadelphia,PA
Data Science Intern,The Hartford,Charlotte,NC
Associate Data Scientist (Analytics and Visualization Specia...,Virginia Mason Memorial,Yakima,WA
"Intern, Data Science",Vertex Pharmaceuticals,Boston,MA
Data Scientist Intern,Leidos,Arlington,VA
Data Engineer --- Tableau -- Spark SQL -- Hive,etouch,San Jose,CA
"Data Analyst, Product Analytics & Data Science",Criteo,Palo Alto,CA
Data Scientist,VoiceGlance,Albany,NY
Data Scientist,Airbus UTM,San Francisco,CA
Summer: Data Science Intern (PhD),Electronic Arts,Redwood City,CA
Data Scientist - Top Secret,Deloitte,Arlington,VA
Data Engineer - Summer Intern - University Students,McKinsey & Company,New York,NY
Data Engineer Intern,Munich Re America,Princeton,NJ
Construction Data Analyst,Faithful+Gould,Hillsboro,OR
Machine Learning Engineering Intern - Engagement,WeWork,New York,NY
Associate Data Scientist (Analytics and Visualization Specia...,Virginia Mason Memorial,Yakima,WA
"Intern, Data Science",Vertex Pharmaceuticals,Boston,MA
Data Scientist Intern,Leidos,Arlington,VA
Intermediate Data Scientist,Citi,Irving,TX
Data Scientist/Engineer,CAS Group,Philadelphia,PA
Data Science Intern,The Hartford,Charlotte,NC
Remote Sensing Data Science Postdoc,Los Alamos National Laboratory,Los Alamos,NM
Data Science Specialist (Intern) - Summer 2019,Management Science Associates Inc.,Pittsburgh,PA
Data Scientist,KMM Technologies,Greensboro,NC
Data Scientist,Albemarle Corporation,Charlotte,NC
Data Scientist – Natural Language Processing and Machine Lea...,Sciome LLC,Research Triangle Park,NC
"Data Scientist, Growth On-boarding",Twitter,San Francisco,CA
Data Scientist/Data Analyst,TCS,Boise,ID
SAP Concur iXp Intern- Customer Success Data Science,SAP,Bellevue,WA
Data Scientist,American Fidelity Assurance,Oklahoma City,OK
Data Insights Analyst,C.H. Robinson,Eden Prairie,MN
Associate Data Scientist (Analytics and Visualization Specia...,Virginia Mason Memorial,Yakima,WA
"Intern, Data Science",Vertex Pharmaceuticals,Boston,MA
Data Scientist Intern,Leidos,Arlington,VA
Intermediate Data Scientist,Citi,Irving,TX
Data Scientist/Engineer,CAS Group,Philadelphia,PA
Data Science Intern,The Hartford,Charlotte,NC
Enterprise Data Scientist I,Farmers Insurance Group,Woodland Hills,CA
"Editor in Chief, Data Science Journal",Elsevier,Cambridge,MA
Data Analyst,Lumere,Chicago,IL
Data Scientist,CubeSmart,Malvern,PA
Data Analyst,IQVIA,Bedford,NH
Research Analyst,Avison Young,Phoenix,AZ
Data Scientist 2,Maine Technology Users Group,South Portland,ME
Market Research Analyst,Corus,Denver,CO
Data Scientist Intern,Walmart eCommerce,San Bruno,CA
Natural Language Processing Data Scientist,Tempus,Chicago,IL
Associate Data Scientist (Analytics and Visualization Specia...,Virginia Mason Memorial,Yakima,WA
"Intern, Data Science",Vertex Pharmaceuticals,Boston,MA
Data Scientist Intern,Leidos,Arlington,VA
Intermediate Data Scientist,Citi,Irving,TX
Data Scientist/Engineer,CAS Group,Philadelphia,PA
Data Science Intern,The Hartford,Charlotte,NC
Junior Research Analyst,Entertainment Data Oracle (EDO),Culver City,CA
Cryptocurrency Research Analyst,LedgerPrime,San Francisco,CA
Data Engineer,"Insight Enterprises, Inc.",Watertown,MA
Data Engineer,eero,San Francisco,CA
"Open rank, Data Sciences",New York University,Brooklyn,NY
Siri - Data Engineer,Apple,Santa Clara Valley,CA
Data Scientist,Walmart Stores,Conway,AR
Data Center and Machine Learning Apps Engineering Intern,Xilinx,Longmont,CO
"Associate Data Scientist - MCCS Mason, OH",Macy's,Mason,OH
Data Engineer,BirlaSoft,Edison,NJ
Associate Data Scientist (Analytics and Visualization Specia...,Virginia Mason Memorial,Yakima,WA
"Intern, Data Science",Vertex Pharmaceuticals,Boston,MA
Data Scientist Intern,Leidos,Arlington,VA
Intermediate Data Scientist,Citi,Irving,TX
Data Scientist/Engineer,CAS Group,Philadelphia,PA
Data Science Intern,The Hartford,Charlotte,NC
Data Engineer,MediQuire,New York,NY
Data Analyst,Kairos Appraisal Services,San Francisco,CA
Data Engineer,Arturo.ai,Chicago,IL
"Investigator I – Data Science, Drug Discovery and Translatio...",H3 Biomedicine,Cambridge,MA
Research Analyst,ValuePenguin,New York,NY
"Data Scientist, Advanced Data Analytics",ADM Tech Services,Naperville,IL
Data Engineer,Blue Cross Blue Shield of North Carolina,Durham,NC
DATA SCIENCES INTERN,Businesses Pratt & Whitney,East Hartford,CT
Data Engineer,Sony Music Entertainment,New York,NY
Data Engineer I,The Zebra,Austin,TX
Associate Data Scientist (Analytics and Visualization Specia...,Virginia Mason Memorial,Yakima,WA
"Intern, Data Science",Vertex Pharmaceuticals,Boston,MA
Data Scientist Intern,Leidos,Arlington,VA
Intermediate Data Scientist,Citi,Irving,TX
Data Scientist/Engineer,CAS Group,Philadelphia,PA
Data Science Intern,The Hartford,Charlotte,NC
Chemical Data Engineer (Laboratory Environment),LINQM,Irvine,CA
Data Warehouse Engineer (105113),California State University,San Luis Obispo,CA
Data Analyst,Ethos Lending,San Francisco,CA
Data Science Intern (Office of Technology and Data Science),The Urban Institute,Washington,DC
Data Analyst (Machine Learning),Intuitive Surgical,Sunnyvale,CA
Research Data Analyst,UC Davis Health,Sacramento,CA
Data Scientist,The Marketing Store,Chicago,IL
Data Scientist NYC and Boston,Cohen Veterans Bioscience,Cambridge,MA
Data Scientist,Castle Hill Gaming,Charlottesville,VA
Data Engineer,Jask,Austin,TX
Associate Data Scientist (Analytics and Visualization Specia...,Virginia Mason Memorial,Yakima,WA
"Intern, Data Science",Vertex Pharmaceuticals,Boston,MA
Data Scientist Intern,Leidos,Arlington,VA
Intermediate Data Scientist,Citi,Irving,TX
Data Scientist/Engineer,CAS Group,Philadelphia,PA
Data Science Intern,The Hartford,Charlotte,NC
Big Data Engineer,LiniumIT,Chicago,IL
Machine Learning Engineer,SKA,New York,NY
Machine Learning for Identifying/Locating Natural Targets Us...,,United States,
Data Scientist,KSM Consulting,Indianapolis,IN
Data Scientist,Chenega Corporation,Fort Huachuca,AZ
Data Scientist,Upstart,San Carlos,CA
Data Scientist (Global Supply Chain),"Agilent Technologies, Inc.",Wilmington,DE
SAP Fieldglass iXp Intern- Data Scientist,SAP,Chicago,IL
Data Engineer,The New York Times,New York,NY
Educational Research Analyst,Imagine Learning,Provo,UT
Associate Data Scientist (Analytics and Visualization Specia...,Virginia Mason Memorial,Yakima,WA
"Intern, Data Science",Vertex Pharmaceuticals,Boston,MA
Data Scientist Intern,Leidos,Arlington,VA
Intermediate Data Scientist,Citi,Irving,TX
Data Scientist/Engineer,CAS Group,Philadelphia,PA
Data Science Intern,The Hartford,Charlotte,NC
Data Architect; Data Scientist,BioTrillion,San Francisco,CA
Analyst,iPullRank,New York,NY
2019 Summer MBA/Master’s Internship – Mortgage Analytics and...,U.S. Bank,United States,
Cloud Data Engineer,Northbay,United States,
Business Analyst,Loeb.NYC,New York,NY
Data Scientist - You Make Data Sing,NT Concepts,Vienna,VA
Data Scientist,W.R. Berkley,Urbandale,IA
Data Scientist,Continental Western Group,Urbandale,IA
Equity Research Analyst (Multiple Sectors),MKM Partners,New York,NY
Sr. Data Scientist Internship,Walmart eCommerce,San Bruno,CA
Associate Data Scientist (Analytics and Visualization Specia...,Virginia Mason Memorial,Yakima,WA
"Intern, Data Science",Vertex Pharmaceuticals,Boston,MA
Data Scientist Intern,Leidos,Arlington,VA
Intermediate Data Scientist,Citi,Irving,TX
Data Scientist/Engineer,CAS Group,Philadelphia,PA
Data Science Intern,The Hartford,Charlotte,NC
"Staff Data Scientist - Technology - New York, NY",Finra,New York,NY
Data Engineer,Bloomz,Redmond,WA
Data Analyst/Data Scientist,Cascade Data Labs,Portland,OR
MBA Intern: Data Science,Biogen,Cambridge,MA
"Associate Data Scientist, Advanced Analytics",Arby's,Atlanta,GA
Data Scientist - NLP,Walmart Stores,Sunnyvale,CA
Research Analyst,Center for Court Innovation,New York,NY
Research Analyst – Data Science,The University of Chicago,Chicago,IL
Lead Data Scientist,Bright Cellars,Milwaukee,WI
Data Engineer,Thermo Fisher Scientific,Durham,NC
Associate Data Scientist (Analytics and Visualization Specia...,Virginia Mason Memorial,Yakima,WA
"Intern, Data Science",Vertex Pharmaceuticals,Boston,MA
Data Scientist Intern,Leidos,Arlington,VA
Intermediate Data Scientist,Citi,Irving,TX
Data Scientist/Engineer,CAS Group,Philadelphia,PA
Data Science Intern,The Hartford,Charlotte,NC
Temp Data Research Analyst,Orange County Asian and Pacific Islander Community...,Garden Grove,CA
Data Science Summer 2019 Intern,NT Concepts,Vienna,VA
Power and Energy Research Analyst,Acuris,New York,NY
Data Scientist,First Horizon,Memphis,TN
Cloud Data Scientist,Delve,Boulder,CO
Data Scientist,U.S. Federal Government,Washington,DC
Data Scientist,Equity Residential,Chicago,IL
Data Engineer,FutureSoft IT,Sunnyvale,CA
Data Scientist,Nauto,Palo Alto,CA
Machine Learning for Natural Language Processing Intern,Bosch Group,Sunnyvale,CA
APPLIED DATA SCIENCE INTERN,Businesses Collins Aerospace,Windsor Locks,CT
Machine Learning/Machine Vision Intern,Stanley Black & Decker,Houston,TX
Data Scientist,CyberKinetics LLC,Chantilly,VA
Scientific Data Engineer - Image Processing,Allen Institute,Seattle,WA
Data Engineer,Trunk Club,Chicago,IL
"Data Scientist, Mid",Booz Allen Hamilton,Washington,DC
Data Scientist (HCE),Honeywell,Phoenix,AZ
Excel Research Analyst,KCM Solutions,Seattle,WA
Public Policy Research Analyst,Atlantic Media,Washington,DC
Director of Data Science,Compassion International,Colorado Springs,CO
Intermediate Data Scientist,Citi,Irving,TX
Data Scientist/Engineer,CAS Group,Philadelphia,PA
Data Science Intern,The Hartford,Charlotte,NC
Associate Data Scientist (Analytics and Visualization Specia...,Virginia Mason Memorial,Yakima,WA
"Intern, Data Science",Vertex Pharmaceuticals,Boston,MA
Data Scientist Intern,Leidos,Arlington,VA
Intermediate Data Scientist,Citi,Irving,TX
Data Scientist/Engineer,CAS Group,Philadelphia,PA
Data Science Intern,The Hartford,Charlotte,NC
Associate Data Scientist (Analytics and Visualization Specia...,Virginia Mason Memorial,Yakima,WA
"Intern, Data Science",Vertex Pharmaceuticals,Boston,MA
Data Scientist Intern,Leidos,Arlington,VA
Data Scientist Intern,Equifax,Alpharetta,GA
Data Engineer,Ingenworks,Blue Bell,PA
"Data Engineer, Social Integrations",DoubleVerify,New York,NY
Research Data Analyst 1,Stanford University,Stanford,CA
Data Engineer,Viacom,New York,NY
Data Scientist,myCOI,Indianapolis,IN
Campus Data Scientist - Experiences & Rentals,TripAdvisor,Needham,MA
"Operations Research Scientist, Data Science",Convoy,Seattle,WA
Data Analyst,Universal Music Group,Philadelphia,PA
Data Platform Engineer - Scientific Working Environment,Stitch Fix,San Francisco,CA
Intermediate Data Scientist,Citi,Irving,TX
Data Scientist/Engineer,CAS Group,Philadelphia,PA
Data Science Intern,The Hartford,Charlotte,NC
Associate Data Scientist (Analytics and Visualization Specia...,Virginia Mason Memorial,Yakima,WA
"Intern, Data Science",Vertex Pharmaceuticals,Boston,MA
Data Scientist Intern,Leidos,Arlington,VA
Data Analyst Internship,Keysight Technologies,Santa Rosa,CA
Data Science Tester,Engility,Huntsville,AL
Analyst - Research,AMC Networks Inc.,New York,NY
Data Engineer,Transamerica,Denver,CO
Machine Learning Internship,Apple,Santa Clara Valley,CA
Data Scientist 2,Humana,Louisville,KY
Machine Learning Internship @ ClearCapital,Clear Capital,Reno,NV
Data Scientist,"ScaleFactor, Inc.",Austin,TX
Data Scientist,Decision Sciences International Corporation,Poway,CA
Data and BI Engineer,Arrowsight,Huntsville,AL
Intermediate Data Scientist,Citi,Irving,TX
Data Scientist/Engineer,CAS Group,Philadelphia,PA
Data Science Intern,The Hartford,Charlotte,NC
Associate Data Scientist (Analytics and Visualization Specia...,Virginia Mason Memorial,Yakima,WA
"Intern, Data Science",Vertex Pharmaceuticals,Boston,MA
Data Scientist Intern,Leidos,Arlington,VA
ASSOCIATE DATA ENGINEER,BlueLabs Analytics,Washington,DC
Associate Market Research Analyst,Cascade Insights,Portland,OR
Business Strategy Analyst,Weber Shandwick,New York,NY
"Associate Consultant, Data Science",Mather Economics,Atlanta,GA
Data Scientist,OM Partners,Atlanta,GA
Data Scientist,Quest Diagnostics,Lenexa,KS
Data Engineer,Credit Sesame,Mountain View,OR
Intern: Data Science R&D – Cyber Security,Siemens,Princeton,NJ
Graduate Intern- Data Analyst,First American,New York,NY
"Analyst, Quantitative Research",Kelton Global,New York,NY
Intermediate Data Scientist,Citi,Irving,TX
"Analyst 1, Data",Salt Lake Community College,Salt Lake City,UT
Data Scientist (Advanced Degree Required),Money Mart Financial Services,Dallas,TX
Data Scientist II,Auto Club of Southern California,Costa Mesa,CA
Modeling Analyst - Data Science,American Credit Acceptance,Spartanburg,SC
NYU Center for Data Science (CDS) Clinical Faculty,New York University,New York,NY
Data Operations Analyst,PeerIQ,New York,NY
Data Scientist,CGG,Houston,TX
Data Science Business Analyst,Booz Allen Hamilton,Washington,DC
Data Analyst Intern,UL LLC,Northbrook,IL
"Intern, Model Development (Machine Learning)",Ambry Genetics,Aliso Viejo,CA
Data Scientist/Engineer,CAS Group,Philadelphia,PA
Data Science Intern,The Hartford,Charlotte,NC
Associate Data Scientist (Analytics and Visualization Specia...,Virginia Mason Memorial,Yakima,WA
"Intern, Data Science",Vertex Pharmaceuticals,Boston,MA
Data Scientist Intern,Leidos,Arlington,VA
Intermediate Data Scientist,Citi,Irving,TX
Client Insights Analyst,pymetrics,New York,NY
Strategic Research Analyst,Service Employees International Union,New York,NY
Data Scientist,Octave Bioscience,Menlo Park,CA
"Analyst, Sales Research","Pandora Media, LLC",New York,NY
Machine Learning Engineer,Landover Associates,New York,NY
Product Data Scientist,Fivestars,San Francisco,CA
Junior Data Engineer,Logistics Management Institute,Tysons,VA
HR Data Analyst Intern,NXP Semiconductors,Austin,TX
Big Data Engineer,"Enquero, Inc",Austin,TX
Data Scientist - Cybersecurity,Volterra,Santa Clara,CA
Data Scientist/Engineer,CAS Group,Philadelphia,PA
Data Science Intern,The Hartford,Charlotte,NC
Associate Data Scientist (Analytics and Visualization Specia...,Virginia Mason Memorial,Yakima,WA
"Intern, Data Science",Vertex Pharmaceuticals,Boston,MA
Data Scientist Intern,Leidos,Arlington,VA
Intermediate Data Scientist,Citi,Irving,TX
"Data Scientist, Marketing Science R&D - PhD Intern",Facebook,Menlo Park,CA
Data Scientist,QuantumBlack,Boston,MA
Data Scientist,LOCKHEED MARTIN CORPORATION,Bethesda,MD
Data Analytics & Data Science Analyst,LOCKHEED MARTIN CORPORATION,Shelton,CT
2019 PhD Data Scientist Internship - Consumer,Uber,San Francisco,CA
Investment Banking Summer Analyst - Corporate Strategy,Lazard Ltd.,New York,NY
Data Scientist III,APEX Analytix,Greensboro,NC
Data Scientist - Technology Intelligence,"BRASKEM AMERICA, INC",Pittsburgh,PA
Data Scientist,Grant Thornton,Washington,DC
2018 Internship – Machine Learning Engineer Intern,iCPRs,Kansas,
Data Scientist/Engineer,CAS Group,Philadelphia,PA
Data Science Intern,The Hartford,Charlotte,NC
Associate Data Scientist (Analytics and Visualization Specia...,Virginia Mason Memorial,Yakima,WA
"Intern, Data Science",Vertex Pharmaceuticals,Boston,MA
Data Scientist Intern,Leidos,Arlington,VA
Intermediate Data Scientist,Citi,Irving,TX
Data Engineer Intern,AgilOne,Sunnyvale,CA
Data Scientist (contract position),TSYS,San Mateo,CA
Data Engineer,Chicago Trading Company (CTC),Illinois,
Data Science and Predictive Analytics Part Time Instructor,The Regents of the University of California,Irvine,CA
Data Visualization Engineer,Equifax,Alpharetta,GA
Data Scientist,DrFirst,Rockville,MD
Intern Marketing Research Data Analyst,OGE Energy Corp.,Oklahoma City,OK
Data Scientist,LendingTree,Charlotte,NC
Data Scientist / Machine Learning Expert,SphereOI Studios,McLean,VA
Data Science Intern,Redhorse Corporation,Arlington,VA
Data Scientist/Engineer,CAS Group,Philadelphia,PA
Data Science Intern,The Hartford,Charlotte,NC
Associate Data Scientist (Analytics and Visualization Specia...,Virginia Mason Memorial,Yakima,WA
"Intern, Data Science",Vertex Pharmaceuticals,Boston,MA
Data Scientist Intern,Leidos,Arlington,VA
Intermediate Data Scientist,Citi,Irving,TX
Data Scientist I,Schneider,Green Bay,WI
Economist/Data Scientist,Houzz,Palo Alto,CA
Ecommerce Data Analyst,Betabrand,San Francisco,CA
"Data Engineer, Analytics, Intern",Facebook,Seattle,WA
Economic Research Analyst 9-P11,State of Michigan,Lansing,MI
"Data Scientist Intern, Engineering - Software Development",Criteo,Palo Alto,CA
Data Scientist – Intern (Summer 2019),C3,Redwood City,CA
Data Scientist,Altisource,Boston,MA
Marketing Data Scientist,BitSight,Boston,MA
Senior Data Engineer,Logikcull,Remote,
Data Scientist/Engineer,CAS Group,Philadelphia,PA
Data Science Intern,The Hartford,Charlotte,NC
Associate Data Scientist (Analytics and Visualization Specia...,Virginia Mason Memorial,Yakima,WA
"Intern, Data Science",Vertex Pharmaceuticals,Boston,MA
Data Scientist Intern,Leidos,Arlington,VA
Intermediate Data Scientist,Citi,Irving,TX
Data Analyst (Operations Research Analyst),LAs Totally Awesome,Buena Park,CA
DATA ANALYST,BlueLabs Analytics,Washington,DC
Data Scientist (Masters-Level),Lubrizol Corporation,Cleveland,OH
Internship - Data Engineer,PACCAR,Renton,WA
Data Scientist,Virginia Department of Transportation,Richmond,VA
Data Engineer,Datalitical,Dallas,TX
Radar Data and Algorithms Engineer,Capella Space,San Francisco,CA
DATA SCIENTIST (NLP),Avata Intelligence,Venice,CA
Data Scientist,Aunalytics,South Bend,IN
JD Digits AI Lab - Data Scientist,JD.com,Mountain View,CA
Data Scientist/Engineer,CAS Group,Philadelphia,PA
Data Science Intern,The Hartford,Charlotte,NC
Associate Data Scientist (Analytics and Visualization Specia...,Virginia Mason Memorial,Yakima,WA
"Intern, Data Science",Vertex Pharmaceuticals,Boston,MA
Data Scientist Intern,Leidos,Arlington,VA
Intermediate Data Scientist,Citi,Irving,TX
Data Scientist and Statistical Specialist,University of Maryland Baltimore County,umbc campus,MD
Postdoctoral Research Fellow Biostatistics/Data Science,Massachusetts General Hospital(MGH),Boston,MA
"Analyst, Cross-Platform Research",CBS Television Network,New York,NY
Open Interviews - Data Scientist,KeyW Corporation,Linthicum Heights,MD
Data Scientist/Developer,"Cintel, Inc.",Huntsville,AL
Software Engineer - Data Engineering,Etsy,New York,NY
"Software Engineer, Data Team",Qgiv,Lakeland,FL
Data Engineer Internship - Summer 2019,Seagate Technology,Longmont,CO
"Data Visualization Engineer, Development Insights",WeWork,New York,NY
Big Data Engineer,CareLytix,United States,
Data Scientist/Engineer,CAS Group,Philadelphia,PA
Data Science Intern,The Hartford,Charlotte,NC
Associate Data Scientist (Analytics and Visualization Specia...,Virginia Mason Memorial,Yakima,WA
"Intern, Data Science",Vertex Pharmaceuticals,Boston,MA
Data Scientist Intern,Leidos,Arlington,VA
Intermediate Data Scientist,Citi,Irving,TX
Intern - Data Science R&D Grad Summer,Sandia National Laboratories,Livermore,CA
"IBM Marketing PhD Data Scientist Intern, Summer 2019",IBM,New York,NY
Data Center Engineer,"Delaware Resource Group of Oklahoma, LLC",Oklahoma City,OK
"Implementation Engineer | B2B Data Integration / EDI, Remote",Cleo,Austin,TX
Research Analyst,Time Warner,New York,NY
JAVA / Data Engineer,Flexton Inc,San Jose,CA
Data Engineer,APIvista,Richmond,VA
"Data Infrastructure Engineer Kafka, Spark/Cassandra",Innoflexion Technologies,San Jose,CA
Data Analyst,Groundspeed,Ann Arbor,MI
Research Analyst,Better,New York,NY
Data Scientist/Engineer,CAS Group,Philadelphia,PA
Data Science Intern,The Hartford,Charlotte,NC
Associate Data Scientist (Analytics and Visualization Specia...,Virginia Mason Memorial,Yakima,WA
"Intern, Data Science",Vertex Pharmaceuticals,Boston,MA
Data Scientist Intern,Leidos,Arlington,VA
Intermediate Data Scientist,Citi,Irving,TX
Data Analyst,Socrata,Seattle,WA
Data Scientist II,Expedia,Bellevue,WA
Research Analyst (105185),California State University,San Luis Obispo,CA
Data Scientist Intern,Leidos,Arlington,VA
M&A Research Project Analyst,"Affordable Care, Inc.",Morrisville,NC
Siri - Data Scientist (Machine Learning & Natural Language),Apple,Seattle,WA
Engineer Intern (Data Engineering team),Virgin Pulse,Framingham,MA
"Analyst, Customer Data Operations",L Brands,Reynoldsburg,OH
Machine Learning Engineer(Edge-based Learning),Volvo Cars Technology,Mountain View,CA
Geocoding Quality Assurance Data Science Engineering Intern...,Pitney Bowes,Troy,NY
Data Scientist/Engineer,CAS Group,Philadelphia,PA
Data Science Intern,The Hartford,Charlotte,NC
Associate Data Scientist (Analytics and Visualization Specia...,Virginia Mason Memorial,Yakima,WA
"Intern, Data Science",Vertex Pharmaceuticals,Boston,MA
Data Scientist Intern,Leidos,Arlington,VA
"Data Science QA Engineer - Conshohocken, PA",RS Energy Group,Conshohocken,PA
Data Science Summer Intern,Commonwealth Care Alliance,Boston,MA
Associate Data Scientist (Analytics and Visualization Specia...,Virginia Mason Memorial,Yakima,WA
"Intern, Data Science",Vertex Pharmaceuticals,Boston,MA
Data Scientist Intern,Leidos,Arlington,VA
Data Scientist/Engineer,CAS Group,Philadelphia,PA
Data Science Intern,The Hartford,Charlotte,NC
Intermediate Data Scientist,Citi,Irving,TX
Agronomic Data Scientist,DuPont,Johnston,IA
Data Scientist,Zoetis,Kalamazoo,MI
Machine Learning Research Scientist,Butterfly Network,New York,NY
Senior Data Scientist,Viasat,San Diego,CA
Product Data Scientist,Waymo,Mountain View,CA
Market Research Analyst,Capitol Game Science Media,Washington,DC
Software Intern for Enterprise IOT and Data Science,KLA-Tencor,Milpitas,CA
PhD Data Science Intern,"Vail Systems, Inc.",Chicago,IL
Data Science Technology Intern,BB&T,Winston-Salem,NC
"Data Scientist, Finance",Edison,New York,NY
"Data Science QA Engineer - Conshohocken, PA",RS Energy Group,Conshohocken,PA
Data Science Summer Intern,Commonwealth Care Alliance,Boston,MA
Associate Data Scientist (Analytics and Visualization Specia...,Virginia Mason Memorial,Yakima,WA
"Intern, Data Science",Vertex Pharmaceuticals,Boston,MA
Data Scientist Intern,Leidos,Arlington,VA
Data Scientist/Engineer,CAS Group,Philadelphia,PA
Data Science Intern,The Hartford,Charlotte,NC
Intermediate Data Scientist,Citi,Irving,TX
Big Data Engineer,DXC,New Orleans,LA
Data Scientist,Vesta Corporation,Lake Oswego,OR
Nift Data Analyst,Nift,Boston,MA
Principal Data Engineer,Movable Ink,New York,NY
Research Analyst I,TrendSource,San Diego,CA
"Front-End Software Engineer, Data Workflow Team",Outreach,Seattle,WA
Data Engineer,SocialWithin,Austin,TX
"Data Scientist, Machine Learning",Zest Finance,Los Angeles,CA
PhD. Graduate - Data Science 1,Expedia,Bellevue,WA
"Data Scientist, Credit Risk",Conn's Home Plus,Spring,TX
"Data Science QA Engineer - Conshohocken, PA",RS Energy Group,Conshohocken,PA
Data Science Summer Intern,Commonwealth Care Alliance,Boston,MA
Associate Data Scientist (Analytics and Visualization Specia...,Virginia Mason Memorial,Yakima,WA
"Intern, Data Science",Vertex Pharmaceuticals,Boston,MA
Data Scientist Intern,Leidos,Arlington,VA
Data Scientist/Engineer,CAS Group,Philadelphia,PA
Data Science Intern,The Hartford,Charlotte,NC
Intermediate Data Scientist,Citi,Irving,TX
Data Engineer,Stoke Analytics,Provo,UT
Lecturer of Data Science,College of William and Mary,Williamsburg,VA
"Consumer Products & Retail Analytics, Cognitive, Data Scienc...",Deloitte,New York,NY
"Software Engineer, Data Team",Palantir Technologies,New York,NY
Social Media Research Analyst,W2O,Philadelphia,PA
Data Engineer,Grandata,San Francisco,CA
Junior Data Analyst,APTIM,Knoxville,TN
Machine Learning Graphics Intern,Unity Technologies,San Francisco,CA
Data Science Professional,Munson Healthcare,Traverse City,MI
Research Analyst,Stiles Corporation,Fort Lauderdale,FL
"Data Science QA Engineer - Conshohocken, PA",RS Energy Group,Conshohocken,PA
Data Science Summer Intern,Commonwealth Care Alliance,Boston,MA
Associate Data Scientist (Analytics and Visualization Specia...,Virginia Mason Memorial,Yakima,WA
"Intern, Data Science",Vertex Pharmaceuticals,Boston,MA
Data Scientist Intern,Leidos,Arlington,VA
Data Scientist/Engineer,CAS Group,Philadelphia,PA
Data Science Intern,The Hartford,Charlotte,NC
Intermediate Data Scientist,Citi,Irving,TX
Big Data Engineer,Uniplus,Manassas,VA
Marketing Data Scientist,Funnel Science,Plano,TX
Data Analyst I,ULTRA Mobile,Costa Mesa,CA
Data Engineer,VillageMD,Chicago,IL
Data Analyst,Deloitte,Springfield,VA
Software Engineer - Data Center,Cisco Careers,San Jose,CA
DATA ENGINEER,Ultimate Software,San Francisco,CA
Data Engineer,Arthur Lawrence,Sugar Land,TX
Data Integrity Engineer,Mondelez International,Parsippany,NJ
Data & Applied Scientist,Microsoft,Bellevue,WA
"Data Science QA Engineer - Conshohocken, PA",RS Energy Group,Conshohocken,PA
Data Science Summer Intern,Commonwealth Care Alliance,Boston,MA
Associate Data Scientist (Analytics and Visualization Specia...,Virginia Mason Memorial,Yakima,WA
"Intern, Data Science",Vertex Pharmaceuticals,Boston,MA
Data Scientist Intern,Leidos,Arlington,VA
Data Scientist/Engineer,CAS Group,Philadelphia,PA
Data Science Intern,The Hartford,Charlotte,NC
Intermediate Data Scientist,Citi,Irving,TX
"Data Platform Engineer, Machine Learning",Clover Health,San Francisco,CA
Marketing Data Scientist,BitSight Technologies,Boston,MA
Affiliate Faculty - Data Science (Northwest Denver Campus),Regis University,Denver,CO
Research Project Analyst,Arkansas Department of Health,Little Rock,AR
"Data Scientist and Software Engineer, Python/R, Java",New Relic,Portland,OR
Business/Data Analyst II,Greyhealth Group,New York,NY
Data Scientist,Radiance Technologies Inc.,Dayton,OH
Analyst - Research,AMC Networks,New York,NY
Wireless Data Scientist,"Uhana, Inc.",Palo Alto,CA
Data Engineer,Leap,Chicago,IL
"Data Science QA Engineer - Conshohocken, PA",RS Energy Group,Conshohocken,PA
Data Science Summer Intern,Commonwealth Care Alliance,Boston,MA
Associate Data Scientist (Analytics and Visualization Specia...,Virginia Mason Memorial,Yakima,WA
"Intern, Data Science",Vertex Pharmaceuticals,Boston,MA
Data Scientist Intern,Leidos,Arlington,VA
Data Scientist/Engineer,CAS Group,Philadelphia,PA
Data Science Intern,The Hartford,Charlotte,NC
Intermediate Data Scientist,Citi,Irving,TX
Internship - Data Analyst,PACCAR,Renton,WA
Data Engineer,Scoop Technologies,San Francisco,CA
Data Scientist - Deep Learning,IgnitionOne,Atlanta,GA
Data Scientist,Celect,Boston,MA
Assistant Professor-Computer Science/Data Science,New York Institute of Technology,New York,NY
Data Scientist Intern,Varian Medical Systems,Palo Alto,CA
Construction Data Analyst,Faithful and Gould,Portland,OR
"Staff Scientist, Translational Data Science",Fred Hutchinson Cancer Research Center,Seattle,WA
Media Data Analyst,BLOOM ADS,Los Angeles,CA
"Data Scientist/Analyst [R, Python,Google Cloud]",TSG Engineering,Ellicott City,MD
Associate Data Scientist (Analytics and Visualization Specia...,Virginia Mason Memorial,Yakima,WA
"Data Science QA Engineer - Conshohocken, PA",RS Energy Group,Conshohocken,PA
Data Science Summer Intern,Commonwealth Care Alliance,Boston,MA
Data Scientist Intern,Leidos,Arlington,VA
"Intern, Data Science",Vertex Pharmaceuticals,Boston,MA
Intermediate Data Scientist,Citi,Irving,TX
Data Science Intern,The Hartford,Charlotte,NC
Data Scientist/Engineer,CAS Group,Philadelphia,PA
Data Analytics Engineer,Volvo Group,Greensboro,NC
​ Market Data Energy Analyst,"Ascend Analytics, LLC",Boulder,CO
Data Engineer - QlikSense & Azure HDInsight,Bayforce Technology Solutions,Montvale,NJ
Patent Analyst - Research Associate,Evalueserve,Raleigh-Durham,NC
DATA ENGINEER,Change Healthcare,Emeryville,CA
Data Storage Engineer,Zibiz Data Management,Ronkonkoma,NY
QA Engineer – Spatial Statistics and Spatial Data Science,Esri,Redlands,CA
Data Engineer Intern,DriveTime,Tempe,AZ
Data Scientist,Panjiva,Cambridge,MA
Data Center Facilities Engineer,WTA3,Santa Clara,CA